,State,County,Levels_Smokers,Levels_COPD
0,Iowa,Cass,19.3,8.3
1,Iowa,Monona,18.5,8.3
2,Alaska,Dillingham,31.1,8.9
3,Colorado,Custer,13.8,7.5
4,Alaska,Ketchikan Gateway,19.4,6.6
5,California,Mendocino,14.3,7.4
6,Arkansas,Jefferson,22.9,9.6
7,Arkansas,Van Buren,22.8,13.0
8,Alabama,Limestone,20.7,8.4
9,Arkansas,Perry,22.6,11.1
10,Arkansas,Carroll,19.2,9.8
11,Arkansas,Phillips,24.2,12.6
12,Arkansas,Arkansas,22.5,10.6
13,California,Kern,15.3,5.7
14,Arkansas,Madison,23.5,11.3
15,Colorado,Otero,16.3,7.1
16,Colorado,Crowley,21.2,6.2
17,California,El Dorado,11.7,6.1
18,Alabama,Bullock,25.0,10.0
19,California,Sonoma,11.1,5.4
20,California,Del Norte,17.5,8.0
21,Alaska,Kodiak Island,16.9,5.0
22,Arkansas,Columbia,22.0,9.7
23,Arkansas,Cross,23.5,10.6
24,Alabama,Jackson,23.0,11.6
25,Alabama,Coosa,22.2,11.3
26,Colorado,Baca,17.8,8.7
27,Alabama,Marion,22.8,11.6
28,Arkansas,Ashley,22.9,10.9
29,Colorado,Conejos,14.9,6.3
30,California,Santa Clara,8.8,3.5
31,Colorado,Gilpin,13.4,5.2
32,Arkansas,Desha,25.0,12.0
33,United States,,15.3,6.6
34,California,Los Angeles,10.9,4.3
35,Arkansas,Searcy,23.7,13.4
36,Alabama,Perry,22.7,11.8
37,Alaska,Fairbanks North Star,17.6,4.9
38,California,Glenn,14.9,6.7
39,Arkansas,Lincoln,24.5,9.5
40,Alabama,Calhoun,21.8,9.8
41,Alaska,Anchorage,15.5,4.9
42,Alaska,Matanuska-Susitna,20.1,6.4
43,Alabama,Tallapoosa,22.2,11.0
44,Colorado,Cheyenne,16.3,6.8
45,California,Santa Barbara,11.1,4.8
46,California,Monterey,12.0,5.0
47,Alabama,Etowah,22.5,10.0
48,Alaska,Valdez-Cordova,17.3,6.0
49,Colorado,Kiowa,16.9,8.0
50,Alabama,Montgomery,19.6,7.7
51,California,Napa,10.6,4.9
52,Colorado,Denver,13.8,3.9
53,Colorado,Arapahoe,13.4,4.2
54,Colorado,Dolores,16.0,7.4
55,California,Placer,10.6,5.2
56,Colorado,Archuleta,13.5,6.4
57,Colorado,Logan,17.8,6.3
58,Arkansas,Cleveland,22.5,11.1
59,Arkansas,Sharp,24.7,13.8
60,Arkansas,Logan,22.6,11.3
61,Alabama,Cleburne,22.7,10.9
62,California,Nevada,11.4,6.9
63,Arkansas,White,22.2,9.6
64,Colorado,Lincoln,18.9,6.6
65,Colorado,Hinsdale,12.4,6.5
66,Arkansas,Calhoun,22.0,10.7
67,California,Lake,15.8,8.4
68,Alabama,Autauga,19.3,8.4
69,Arkansas,Izard,21.7,11.5
70,Arizona,La Paz,16.9,11.5
71,Alabama,Mobile,20.8,8.9
72,Arkansas,Washington,18.3,6.7
73,California,Mariposa,13.5,8.2
74,Arkansas,St. Francis,24.6,10.2
75,Alabama,Lawrence,24.6,11.3
76,Alabama,Conecuh,23.3,11.7
77,Arkansas,Lee,24.3,11.0
78,California,Stanislaus,14.2,5.7
79,California,Siskiyou,14.4,8.5
80,Alabama,Wilcox,25.6,12.6
81,Colorado,Fremont,18.2,7.2
82,Arizona,Yuma,14.4,6.7
83,Alabama,Lauderdale,19.0,9.2
84,California,Plumas,12.8,7.7
85,Arkansas,Marion,20.6,12.2
86,California,San Mateo,9.2,3.8
87,California,Butte,13.6,6.6
88,Arizona,Maricopa,14.2,5.7
89,Colorado,Garfield,14.8,5.0
90,California,Calaveras,13.7,7.8
91,Alaska,Bristol Bay,21.2,7.2
92,Arkansas,Jackson,25.9,11.9
93,Alabama,Franklin,22.4,9.8
94,Alaska,Bethel,35.7,10.9
95,California,Tuolumne,13.9,7.7
96,Alabama,Winston,24.7,12.6
97,California,Solano,11.9,4.9
98,Arkansas,Lonoke,21.3,8.1
99,California,Alameda,10.1,3.9
100,Colorado,Lake,16.2,5.4
101,Alabama,Morgan,20.1,9.1
102,Arkansas,Lawrence,22.4,11.0
103,Alaska,Aleutians East,20.2,5.4
104,Alabama,Blount,21.5,10.0
105,Colorado,El Paso,14.1,4.7
106,Arizona,Cochise,16.6,7.2
107,Arizona,Mohave,19.0,10.4
108,California,Lassen,16.6,6.5
109,Arkansas,Ouachita,22.8,11.4
110,Arkansas,Independence,21.5,10.0
111,Arkansas,Miller,21.6,9.7
112,Arkansas,Sebastian,19.4,9.0
113,Arkansas,Montgomery,22.6,13.0
114,Alabama,Madison,15.7,6.7
115,California,Sutter,14.4,6.2
116,Colorado,Gunnison,13.1,4.5
117,Arizona,Yavapai,15.5,9.3
118,California,San Bernardino,13.3,4.9
119,California,Alpine,14.7,8.4
120,Arkansas,Howard,21.0,10.1
121,California,Amador,13.5,7.4
122,Colorado,Jefferson,13.4,4.5
123,Alabama,Elmore,20.2,8.1
124,Arkansas,Cleburne,22.0,11.1
125,Alabama,Escambia,23.8,11.1
126,Colorado,Alamosa,15.7,5.5
127,Alabama,Lamar,23.2,12.0
128,Alabama,Coffee,20.2,8.4
129,Arkansas,Yell,22.6,10.6
130,Colorado,Mesa,17.1,6.4
131,Arkansas,Little River,21.7,10.6
132,California,Tulare,14.9,5.9
133,Alaska,Southeast Fairbanks,21.0,7.2
134,Arkansas,Nevada,21.7,10.3
135,Alaska,Hoonah-Angoon,21.5,9.0
136,Alabama,Sumter,20.4,9.8
137,California,San Diego,11.0,4.6
138,Arkansas,Scott,24.0,12.3
139,Colorado,Delta,18.0,8.6
140,California,Colusa,13.5,5.5
141,Colorado,Kit Carson,17.0,6.9
142,Arizona,Coconino,16.7,5.9
143,Arkansas,Drew,19.9,9.0
144,Arkansas,Newton,19.9,11.3
145,Colorado,Jackson,16.6,7.2
146,Alabama,Fayette,23.0,11.7
147,Alabama,Marshall,21.9,10.0
148,California,San Luis Obispo,11.0,5.5
149,Arizona,Graham,17.1,6.6
150,Alabama,Bibb,24.9,10.1
151,Alabama,Butler,23.2,11.1
152,Alabama,St. Clair,22.8,9.4
153,Alabama,Geneva,24.0,11.8
154,Arizona,Apache,23.0,12.2
155,Arkansas,Franklin,24.6,12.0
156,Arkansas,Woodruff,23.3,12.2
157,California,Ventura,10.5,4.7
158,Arkansas,Crawford,22.1,9.9
159,Alabama,Barbour,26.9,12.3
160,Arkansas,Pulaski,19.2,7.6
161,Arkansas,Faulkner,19.3,7.4
162,Arkansas,Poinsett,24.6,11.2
163,Arkansas,Pike,21.6,10.6
164,Alabama,Baldwin,18.9,8.4
165,Alaska,Kenai Peninsula,19.4,7.4
166,Alabama,Clarke,23.4,11.2
167,Colorado,La Plata,13.9,5.1
168,Alaska,Yukon-Koyukuk,30.5,10.8
169,Alabama,Dallas,23.0,11.1
170,Alabama,Covington,23.1,11.2
171,California,Merced,14.4,5.6
172,Arkansas,Garland,19.5,10.2
173,Arizona,Greenlee,15.0,5.4
174,Arizona,Gila,17.6,10.2
175,Alaska,Juneau,15.3,5.1
176,California,Trinity,16.0,9.7
177,Alaska,Northwest Arctic,34.9,9.6
178,Alabama,DeKalb,24.5,11.3
179,California,San Francisco,9.6,3.6
180,California,Yuba,14.8,6.0
181,Alabama,Randolph,21.9,10.6
182,Colorado,Huerfano,13.7,7.1
183,California,Riverside,12.4,5.2
184,Colorado,Morgan,16.5,5.9
185,California,Imperial,13.1,5.3
186,California,Mono,13.0,5.6
187,Alabama,Cullman,22.5,10.2
188,Alabama,Macon,20.4,9.4
189,Arizona,Pinal,16.9,7.0
190,California,Sierra,13.8,8.9
191,Alabama,Colbert,20.5,9.6
192,Alabama,Henry,21.0,10.5
193,Alabama,Jefferson,17.2,7.7
194,California,Shasta,15.3,7.6
195,Arkansas,Dallas,21.6,10.8
196,Colorado,Pitkin,11.0,4.3
197,Alabama,Russell,21.7,9.0
198,Colorado,Douglas,10.0,3.6
199,Alaska,Sitka,17.2,5.9
200,Arkansas,Stone,22.7,13.5
201,Alabama,Marengo,22.6,10.6
202,Colorado,Adams,15.4,4.5
203,Alabama,Houston,21.0,9.6
204,Colorado,Montezuma,17.3,7.6
205,Arizona,Santa Cruz,13.8,6.3
206,California,Tehama,16.1,8.3
207,California,Modoc,16.0,9.3
208,Alaska,Skagway,17.7,5.8
209,Arkansas,Sevier,20.0,8.6
210,Arkansas,Lafayette,24.0,12.7
211,Colorado,Elbert,13.9,5.5
212,Arkansas,Greene,23.2,9.7
213,Colorado,Montrose,16.0,7.0
214,Arizona,Navajo,19.6,11.1
215,California,Yolo,11.4,4.5
216,Arkansas,Pope,19.9,8.9
217,Alabama,Shelby,15.0,6.3
218,Colorado,Mineral,12.4,6.5
219,Alaska,Aleutians West,17.9,4.3
220,Alabama,Dale,21.3,9.1
221,Colorado,Boulder,10.6,4.1
222,Alabama,Choctaw,22.6,11.9
223,Colorado,Larimer,13.3,4.6
224,Alabama,Crenshaw,22.9,10.7
225,Alabama,Clay,24.1,12.2
226,Alabama,Monroe,23.6,11.8
227,Alaska,Prince of Wales-Hyder,25.0,9.4
228,Arkansas,Union,20.6,9.6
229,Arkansas,Chicot,23.7,11.9
230,Alabama,Talladega,24.2,10.7
231,California,San Benito,11.8,4.5
232,Arkansas,Johnson,24.0,10.9
233,Arkansas,Saline,16.7,7.7
234,Arkansas,Crittenden,23.4,9.9
235,Alaska,Kusilvak,43.8,13.3
236,Alaska,Nome,31.6,9.0
237,Alaska,North Slope,25.4,6.6
238,Colorado,Broomfield,10.9,3.8
239,Alabama,Walker,24.8,11.7
240,Alaska,Yakutat,21.5,8.0
241,California,Sacramento,13.3,5.4
242,Arkansas,Clay,23.3,12.1
243,Arkansas,Bradley,22.0,9.9
244,Alabama,Hale,24.3,11.2
245,Colorado,Eagle,12.7,4.2
246,Arkansas,Polk,22.7,12.3
247,Alaska,Petersburg,17.4,6.7
248,Alabama,Pike,18.3,8.1
249,Arkansas,Grant,20.6,9.3
250,Colorado,Las Animas,14.5,6.6
251,Alaska,Denali,18.7,6.0
252,Alabama,Chilton,23.4,10.5
253,Arkansas,Craighead,21.3,8.0
254,California,Humboldt,14.6,7.1
255,Arizona,Pima,13.5,6.0
256,California,Contra Costa,10.0,4.4
257,Colorado,Moffat,18.5,6.8
258,Arkansas,Benton,16.6,6.5
259,Alaska,Lake and Peninsula,29.7,9.7
260,Alabama,Pickens,22.6,10.4
261,Alabama,Lowndes,24.3,11.8
262,Colorado,Park,15.4,6.4
263,Alabama,Chambers,22.4,10.4
264,Colorado,Phillips,15.5,7.0
265,Arkansas,Hot Spring,21.9,10.4
266,Alabama,Tuscaloosa,19.3,7.3
267,Arkansas,Hempstead,21.5,10.1
268,California,Inyo,12.9,6.7
269,California,Fresno,14.4,5.4
270,Arkansas,Monroe,23.8,12.6
271,California,Marin,9.0,4.9
272,Arkansas,Prairie,21.3,11.2
273,Alabama,Cherokee,23.0,12.0
274,California,Madera,14.0,6.0
275,Arkansas,Conway,22.1,10.5
276,Colorado,Clear Creek,13.5,5.5
277,Colorado,Chaffee,14.7,6.5
278,Arkansas,Mississippi,24.9,10.4
279,California,Orange,10.4,4.3
280,Colorado,Costilla,15.9,8.1
281,Alabama,Lee,17.6,6.9
282,California,Santa Cruz,10.8,5.0
283,California,Kings,14.5,5.2
284,California,San Joaquin,13.9,5.3
285,Arkansas,Baxter,19.4,11.3
286,Arkansas,Fulton,23.4,13.9
287,Colorado,Grand,15.6,5.9
288,Colorado,Ouray,11.9,5.8
289,Alabama,Greene,26.2,13.9
290,Alaska,Haines,17.1,7.4
291,Alabama,Washington,23.3,11.7
292,Arkansas,Randolph,23.8,12.0
293,Arkansas,Boone,21.3,10.5
294,Colorado,Bent,20.8,7.8
295,Arkansas,Clark,18.1,7.9
296,Alaska,Wrangell,19.7,8.8
297,Florida,Charlotte,16.1,11.8
298,Georgia,McDuffie,23.7,10.7
299,Georgia,Bibb,21.7,8.7
300,Georgia,Butts,24.6,9.7
301,Idaho,Idaho,17.3,9.8
302,Georgia,Gordon,21.7,9.1
303,Florida,DeSoto,22.0,11.5
304,Georgia,Jefferson,24.7,11.2
305,Georgia,Wilkes,22.1,11.3
306,Georgia,Glynn,19.0,8.7
307,Florida,Okaloosa,17.8,7.7
308,Georgia,Miller,21.8,11.1
309,Georgia,Evans,24.1,10.8
310,Georgia,Dodge,24.1,10.6
311,Florida,Calhoun,24.4,11.4
312,Georgia,Atkinson,25.3,10.7
313,Florida,Baker,24.1,9.9
314,Georgia,Clayton,20.3,6.8
315,Idaho,Bear Lake,16.4,7.8
316,Florida,Marion,19.4,10.9
317,Idaho,Lemhi,16.2,9.2
318,Idaho,Boundary,18.4,8.6
319,Georgia,Wilkinson,23.1,11.0
320,Idaho,Clearwater,17.7,8.7
321,Georgia,Ware,23.9,10.8
322,Florida,Okeechobee,23.0,11.0
323,Georgia,Stewart,23.9,7.7
324,Georgia,Henry,16.9,6.1
325,Georgia,Telfair,25.3,10.5
326,Georgia,Lumpkin,18.8,8.4
327,Georgia,Whitfield,20.6,7.9
328,Georgia,Bleckley,20.0,8.8
329,Georgia,Clarke,17.6,6.3
330,Colorado,Teller,13.9,6.2
331,Florida,Madison,23.3,12.0
332,Georgia,Pierce,23.4,10.6
333,Georgia,Stephens,20.2,9.3
334,Idaho,Canyon,17.5,6.3
335,Hawaii,Honolulu,13.1,4.2
336,Georgia,Jackson,20.4,7.8
337,Hawaii,Hawaii,16.7,6.1
338,Georgia,Pulaski,21.3,10.4
339,Connecticut,New London,13.0,6.0
340,Georgia,Walton,20.3,8.3
341,Florida,Flagler,18.5,10.3
342,Georgia,Charlton,26.7,10.8
343,Florida,Gadsden,21.2,10.5
344,Georgia,Walker,22.5,10.1
345,Georgia,Macon,25.4,11.1
346,Georgia,Pickens,18.9,9.2
347,Georgia,Catoosa,19.4,8.4
348,Georgia,Echols,22.4,8.7
349,Florida,Palm Beach,14.0,7.6
350,Georgia,Newton,20.3,7.6
351,Florida,Manatee,15.8,9.4
352,Florida,Seminole,13.5,6.4
353,Florida,Hillsborough,16.1,6.6
354,Idaho,Camas,17.9,8.8
355,Idaho,Payette,16.9,7.3
356,Georgia,Wheeler,26.0,9.8
357,Colorado,Summit,13.2,4.4
358,Georgia,Oconee,13.3,5.7
359,Florida,Broward,14.8,6.7
360,Florida,Duval,19.1,7.8
361,Georgia,Monroe,19.5,8.4
362,Georgia,Jenkins,26.8,11.7
363,Georgia,Early,24.3,11.6
364,Idaho,Clark,18.1,7.3
365,Florida,Levy,22.9,13.0
366,Georgia,Burke,23.2,10.1
367,Idaho,Butte,17.2,8.8
368,Georgia,Johnson,26.3,11.1
369,Idaho,Blaine,13.5,5.8
370,Georgia,Pike,20.1,8.0
371,Georgia,Elbert,23.2,11.3
372,Idaho,Oneida,16.1,7.6
373,Colorado,San Juan,14.4,6.4
374,Idaho,Bannock,17.3,6.1
375,Georgia,Emanuel,24.2,10.5
376,Georgia,Terrell,24.6,11.8
377,Florida,Lake,17.9,9.5
378,Georgia,Bacon,24.6,11.1
379,Florida,Lafayette,25.0,10.9
380,Idaho,Lincoln,18.4,6.9
381,Georgia,Liberty,21.6,6.3
382,Connecticut,Windham,16.9,6.8
383,Georgia,Montgomery,22.0,9.4
384,Georgia,DeKalb,15.0,5.8
385,Florida,Leon,15.2,6.6
386,Georgia,Dawson,17.5,7.7
387,Idaho,Bonneville,15.6,5.5
388,Georgia,Spalding,21.6,9.6
389,Idaho,Adams,16.5,8.7
390,Georgia,Putnam,19.5,9.8
391,Georgia,Treutlen,25.3,11.6
392,Florida,Jefferson,21.2,11.5
393,Idaho,Ada,13.2,5.0
394,Georgia,Taylor,25.8,12.6
395,Florida,Volusia,19.4,9.6
396,Idaho,Cassia,15.6,6.2
397,Florida,Collier,14.2,8.7
398,Georgia,Glascock,23.6,10.9
399,Georgia,Dade,21.3,9.8
400,Idaho,Bingham,15.9,6.3
401,Georgia,Houston,18.0,6.8
402,Florida,Liberty,26.0,11.0
403,Florida,Brevard,16.7,9.2
404,Georgia,Laurens,22.9,10.4
405,Georgia,Lanier,23.6,9.6
406,Georgia,Fayette,13.2,5.9
407,Georgia,Douglas,18.7,6.6
408,Florida,Franklin,24.1,12.2
409,Georgia,Baker,21.2,10.4
410,Georgia,Ben Hill,23.5,10.8
411,Colorado,San Miguel,12.2,4.5
412,Georgia,Effingham,20.4,7.0
413,Florida,Sarasota,14.7,9.5
414,Georgia,Lamar,20.6,8.6
415,Florida,Monroe,16.6,7.6
416,Idaho,Custer,16.7,9.3
417,Florida,Bradford,26.3,11.6
418,Connecticut,New Haven,14.5,5.7
419,Georgia,Upson,23.4,10.5
420,Georgia,Towns,16.0,10.1
421,Georgia,Thomas,20.4,9.3
422,Georgia,Richmond,21.0,8.4
423,Idaho,Owyhee,18.1,7.7
424,Georgia,Berrien,25.6,11.3
425,Georgia,Long,22.8,7.8
426,Georgia,Heard,23.2,10.2
427,Georgia,Rockdale,18.1,7.1
428,Georgia,Fannin,18.8,10.6
429,Florida,Washington,25.4,12.4
430,Connecticut,Middlesex,12.5,5.7
431,Georgia,Fulton,14.2,5.2
432,Georgia,Carroll,21.4,8.1
433,Georgia,Lee,19.0,7.1
434,Georgia,Seminole,21.7,11.0
435,Idaho,Lewis,18.6,9.9
436,Connecticut,Tolland,12.4,5.1
437,Florida,Miami-Dade,13.2,6.0
438,Georgia,Lincoln,21.4,11.0
439,Florida,Dixie,26.2,14.2
440,Georgia,Gilmer,20.1,10.5
441,Florida,Wakulla,21.0,9.2
442,Idaho,Caribou,18.0,7.0
443,Georgia,Clinch,29.5,13.9
444,Florida,Hernando,19.1,10.7
445,Georgia,Worth,22.5,10.5
446,Georgia,Coffee,24.5,9.5
447,Georgia,Schley,20.8,9.3
448,Georgia,Peach,20.5,8.5
449,Georgia,Grady,21.9,10.2
450,Georgia,Greene,18.8,10.6
451,Colorado,Washington,17.2,7.3
452,Colorado,Routt,13.6,5.0
453,Florida,Hardee,21.9,10.4
454,Florida,Taylor,26.5,12.4
455,Idaho,Bonner,17.1,8.4
456,Florida,Nassau,17.8,9.0
457,Georgia,Jones,20.4,8.9
458,Georgia,Chattooga,26.5,11.7
459,Florida,Hendry,21.5,9.0
460,Delaware,Kent,18.1,8.6
461,Florida,Lee,16.0,9.0
462,Florida,Union,27.0,11.0
463,Idaho,Minidoka,16.5,6.5
464,Georgia,Colquitt,23.0,10.0
465,Georgia,Twiggs,23.5,11.5
466,Georgia,Marion,22.5,10.8
467,Colorado,Yuma,16.4,6.6
468,Florida,Clay,19.6,8.2
469,Georgia,Quitman,23.5,14.2
470,Idaho,Gooding,16.8,6.9
471,Idaho,Jerome,18.0,6.5
472,Connecticut,Litchfield,13.3,6.2
473,Georgia,Hancock,25.8,11.8
474,Georgia,Appling,24.6,11.3
475,Georgia,Toombs,22.5,10.1
476,Florida,Gulf,21.2,11.6
477,Georgia,Columbia,16.0,5.8
478,Florida,Walton,20.2,9.9
479,Florida,St. Lucie,17.0,9.3
480,Florida,Polk,17.8,9.2
481,Florida,Bay,21.6,9.5
482,Georgia,Oglethorpe,21.7,9.9
483,Georgia,Cobb,14.2,5.2
484,Idaho,Boise,14.9,7.6
485,Idaho,Fremont,16.6,6.9
486,Georgia,Banks,23.2,10.4
487,Georgia,Crawford,23.2,10.7
488,Florida,Hamilton,26.4,12.4
489,Hawaii,Kalawao,14.6,8.2
490,Georgia,Franklin,21.6,10.3
491,Georgia,Talbot,23.2,11.8
492,Georgia,Jasper,22.6,10.3
493,Colorado,Sedgwick,17.3,8.5
494,Georgia,Irwin,23.9,10.4
495,Georgia,Clay,25.5,14.7
496,Florida,Columbia,24.8,11.1
497,Georgia,Habersham,19.8,8.7
498,Idaho,Elmore,18.0,6.3
499,Idaho,Latah,13.6,5.1
500,Georgia,Taliaferro,23.6,12.0
501,Georgia,Madison,21.3,9.6
502,District of Columbia,District of Columbia,14.7,4.3
503,Georgia,Barrow,21.2,7.4
504,Georgia,Union,17.8,10.8
505,Georgia,Turner,23.9,11.2
506,Georgia,Tattnall,24.7,9.6
507,Georgia,Bartow,21.0,8.6
508,Florida,Alachua,14.8,6.7
509,Georgia,Baldwin,20.6,8.5
510,Georgia,Jeff Davis,26.4,11.7
511,Florida,Santa Rosa,19.3,8.3
512,Georgia,Crisp,24.6,12.1
513,Georgia,Tift,22.2,8.9
514,Georgia,Dougherty,22.2,9.4
515,Connecticut,Hartford,12.9,5.2
516,Georgia,Troup,22.2,9.1
517,Hawaii,Maui,15.2,5.0
518,Idaho,Gem,17.2,8.1
519,Georgia,Harris,16.6,7.1
520,Georgia,Dooly,23.3,10.3
521,Georgia,Randolph,25.2,13.9
522,Florida,Pasco,20.1,9.4
523,Georgia,Cherokee,15.1,6.0
524,Georgia,Wilcox,24.5,10.2
525,Georgia,Wayne,24.0,9.9
526,Florida,Orange,15.5,6.1
527,Florida,Escambia,18.7,8.5
528,Georgia,Decatur,21.6,9.7
529,Georgia,Muscogee,20.6,7.6
530,Georgia,Bulloch,19.4,7.4
531,Florida,Pinellas,17.7,9.4
532,Colorado,Rio Grande,14.9,6.0
533,Florida,St. Johns,15.7,7.5
534,Idaho,Madison,14.1,4.9
535,Florida,Highlands,18.2,12.0
536,Connecticut,Fairfield,10.7,4.6
537,Colorado,Weld,15.0,4.7
538,Georgia,Washington,23.8,10.2
539,Georgia,Calhoun,27.9,11.2
540,Georgia,Chattahoochee,18.6,4.3
541,Idaho,Nez Perce,16.4,7.2
542,Georgia,Candler,24.9,11.7
543,Georgia,Hart,22.1,10.9
544,Colorado,Saguache,16.5,7.8
545,Florida,Glades,22.9,12.0
546,Florida,Putnam,25.5,13.5
547,Colorado,Rio Blanco,16.7,6.3
548,Georgia,Gwinnett,15.4,5.3
549,Georgia,Lowndes,19.3,7.6
550,Delaware,Sussex,16.1,9.8
551,Hawaii,Kauai,14.1,5.1
552,Florida,Indian River,16.0,10.4
553,Florida,Suwannee,21.8,11.3
554,Georgia,Rabun,19.7,11.0
555,Georgia,Paulding,18.9,6.5
556,Idaho,Kootenai,16.8,6.8
557,Florida,Holmes,25.6,13.5
558,Georgia,McIntosh,19.8,10.5
559,Georgia,Hall,17.9,7.1
560,Colorado,Prowers,15.7,6.3
561,Georgia,Murray,23.1,9.6
562,Georgia,Forsyth,12.9,4.8
563,Florida,Osceola,15.8,6.5
564,Georgia,Brooks,21.6,10.5
565,Florida,Gilchrist,22.9,12.4
566,Georgia,Coweta,17.5,6.9
567,Georgia,Morgan,18.6,8.2
568,Idaho,Franklin,15.8,6.5
569,Florida,Citrus,19.9,13.3
570,Georgia,Brantley,26.7,12.0
571,Georgia,Camden,18.8,7.2
572,Idaho,Jefferson,15.2,5.5
573,Florida,Sumter,13.2,11.7
574,Florida,Jackson,24.4,11.9
575,Georgia,Chatham,17.6,6.8
576,Georgia,Bryan,17.3,6.1
577,Georgia,Warren,24.2,12.5
578,Idaho,Benewah,19.5,9.3
579,Georgia,Cook,23.5,10.5
580,Delaware,New Castle,15.2,6.7
581,Florida,Martin,15.2,9.5
582,Colorado,Pueblo,17.3,5.8
583,Georgia,Floyd,21.4,8.9
584,Georgia,White,18.3,9.1
585,Georgia,Mitchell,24.7,10.8
586,Georgia,Polk,23.2,9.5
587,Georgia,Screven,23.8,10.6
588,Georgia,Webster,20.9,10.5
589,Georgia,Meriwether,23.6,11.4
590,Georgia,Sumter,21.7,9.5
591,Georgia,Haralson,22.5,9.6
592,Louisiana,Beauregard,22.2,8.6
593,Illinois,Greene,20.7,9.1
594,Iowa,Palo Alto,15.6,6.6
595,Iowa,Hamilton,16.7,6.8
596,Iowa,Story,12.6,4.4
597,Iowa,Lee,19.7,7.8
598,Iowa,Hardin,17.7,7.2
599,Indiana,Harrison,21.7,9.4
600,Illinois,Henderson,17.6,8.9
601,Indiana,Clinton,20.6,9.1
602,Indiana,Scott,25.2,10.9
603,Illinois,Clay,20.6,9.7
604,Indiana,Wayne,23.4,10.3
605,Illinois,Wayne,19.9,9.5
606,Indiana,Johnson,18.5,7.2
607,Indiana,Clay,22.2,9.8
608,Indiana,Sullivan,23.8,10.1
609,Illinois,DeKalb,16.0,5.8
610,Indiana,Howard,20.7,9.5
611,Indiana,Knox,21.1,9.7
612,Illinois,Peoria,17.0,7.3
613,Indiana,Kosciusko,18.9,8.5
614,Indiana,Crawford,25.8,12.6
615,Iowa,Delaware,18.1,7.3
616,Iowa,Wapello,18.5,7.3
617,Illinois,Rock Island,17.8,7.3
618,Indiana,Starke,23.1,10.8
619,Illinois,Jefferson,20.1,8.9
620,Iowa,Pottawattamie,20.2,6.9
621,Iowa,Marion,15.4,6.1
622,Iowa,Benton,16.9,6.6
623,Iowa,Chickasaw,17.9,7.3
624,Illinois,Pike,20.1,9.6
625,Iowa,Buchanan,17.4,6.6
626,Indiana,Adams,23.0,10.3
627,Illinois,Effingham,18.2,7.7
628,Iowa,Fayette,17.8,7.5
629,Illinois,DuPage,11.0,4.8
630,Iowa,Washington,17.1,6.8
631,Indiana,Jackson,22.2,9.6
632,Indiana,Lake,20.2,7.9
633,Illinois,Piatt,16.3,7.1
634,Illinois,Ogle,17.3,7.5
635,Iowa,Dubuque,15.4,6.0
636,Illinois,Wabash,18.3,8.6
637,Indiana,Fayette,24.8,11.8
638,Indiana,Blackford,23.2,11.3
639,Illinois,Woodford,15.4,6.7
640,Indiana,Spencer,21.1,9.7
641,Illinois,Crawford,19.7,8.5
642,Iowa,Mahaska,18.2,7.3
643,Illinois,Marshall,17.9,8.5
644,Iowa,Adair,18.0,7.6
645,Indiana,Floyd,18.9,7.9
646,Illinois,Jasper,19.5,8.8
647,Indiana,Vigo,21.5,9.0
648,Illinois,Hardin,20.9,10.8
649,Indiana,Fountain,21.2,9.9
650,Iowa,Fremont,17.7,7.9
651,Indiana,Noble,21.2,9.0
652,Indiana,Jay,23.6,10.8
653,Illinois,Montgomery,20.1,9.2
654,Iowa,Clayton,18.7,8.4
655,Indiana,Tippecanoe,16.2,6.3
656,Iowa,Emmet,17.1,7.1
657,Illinois,Morgan,19.4,8.6
658,Indiana,Rush,22.9,10.4
659,Illinois,Cumberland,20.0,9.2
660,Indiana,Wabash,21.5,10.0
661,Iowa,Warren,16.0,5.5
662,Illinois,Stephenson,17.7,9.0
663,Indiana,Jennings,22.7,9.9
664,Illinois,Henry,17.5,7.8
665,Illinois,Sangamon,16.9,7.3
666,Illinois,Lake,12.6,5.0
667,Illinois,Gallatin,22.0,11.3
668,Idaho,Valley,14.2,6.9
669,Iowa,Des Moines,18.7,7.9
670,Illinois,Fayette,22.0,9.9
671,Indiana,Huntington,20.6,9.0
672,Illinois,Monroe,14.7,6.4
673,Illinois,LaSalle,18.4,8.0
674,Iowa,Wayne,20.0,9.3
675,Illinois,Whiteside,17.5,7.9
676,Indiana,Hendricks,16.5,6.4
677,Illinois,McDonough,17.0,7.4
678,Iowa,Mills,17.4,6.6
679,Iowa,Jasper,17.7,6.8
680,Iowa,Franklin,17.1,7.5
681,Indiana,Tipton,19.2,9.2
682,Iowa,Dallas,13.1,4.0
683,Indiana,Porter,17.6,7.5
684,Illinois,Williamson,18.8,8.2
685,Iowa,Howard,17.7,7.4
686,Indiana,Delaware,20.2,9.3
687,Indiana,Marshall,21.0,9.6
688,Iowa,Cherokee,16.3,7.4
689,Iowa,Buena Vista,16.3,6.1
690,Indiana,Henry,22.9,10.3
691,Indiana,Fulton,20.6,9.6
692,Illinois,Franklin,21.3,10.2
693,Iowa,Kossuth,16.8,7.6
694,Illinois,Clinton,18.2,7.5
695,Indiana,Hancock,17.5,7.6
696,Indiana,Elkhart,19.4,8.3
697,Indiana,Bartholomew,18.9,7.6
698,Iowa,Adams,18.3,8.0
699,Illinois,Stark,19.3,9.4
700,Illinois,Marion,20.7,9.7
701,Iowa,Audubon,17.6,8.1
702,Indiana,LaGrange,24.4,10.6
703,Illinois,Carroll,17.5,8.6
704,Indiana,Monroe,16.8,6.6
705,Indiana,Pike,21.8,10.4
706,Illinois,Mercer,18.1,8.3
707,Illinois,Edgar,18.5,8.7
708,Illinois,Putnam,17.0,7.9
709,Iowa,Woodbury,17.9,6.1
710,Indiana,Vermillion,22.4,10.3
711,Illinois,Winnebago,17.7,7.7
712,Iowa,Greene,18.1,7.5
713,Illinois,McLean,14.9,5.7
714,Iowa,Poweshiek,16.0,6.6
715,Iowa,Monroe,18.7,7.6
716,Illinois,Cook,14.6,5.3
717,Iowa,Montgomery,19.0,8.2
718,Illinois,Vermilion,20.6,9.3
719,Indiana,Perry,22.2,9.4
720,Illinois,Madison,18.2,7.4
721,Iowa,Appanoose,19.6,8.8
722,Indiana,Cass,22.0,9.7
723,Iowa,Carroll,16.9,6.8
724,Illinois,Fulton,19.3,8.9
725,Illinois,Knox,19.2,9.1
726,Illinois,Jo Daviess,16.1,8.7
727,Iowa,Keokuk,19.3,7.7
728,Illinois,Douglas,19.8,8.5
729,Indiana,Randolph,22.1,10.6
730,Indiana,Franklin,21.3,9.6
731,Iowa,Marshall,17.1,6.6
732,Iowa,Allamakee,17.0,7.9
733,Iowa,Shelby,16.7,7.2
734,Indiana,Steuben,20.5,9.2
735,Iowa,Crawford,18.5,6.8
736,Indiana,St. Joseph,19.0,7.9
737,Illinois,Will,14.2,5.5
738,Indiana,Vanderburgh,21.0,9.0
739,Illinois,Moultrie,19.3,8.5
740,Iowa,Winneshiek,14.4,5.9
741,Illinois,Randolph,21.0,8.8
742,Iowa,Louisa,17.9,6.8
743,Iowa,Linn,15.3,5.7
744,Illinois,Alexander,21.9,11.1
745,Iowa,Bremer,14.8,5.8
746,Iowa,Harrison,17.5,7.3
747,Illinois,Cass,19.5,8.3
748,Indiana,Washington,23.3,10.3
749,Indiana,Miami,23.1,10.2
750,Iowa,Page,18.5,7.3
751,Iowa,Decatur,17.5,7.6
752,Indiana,Montgomery,21.4,9.4
753,Iowa,Butler,16.9,7.4
754,Illinois,De Witt,18.9,8.5
755,Indiana,Parke,23.0,10.8
756,Indiana,Gibson,20.7,9.0
757,Iowa,Davis,20.0,7.7
758,Illinois,McHenry,15.0,5.7
759,Iowa,Pocahontas,18.9,8.0
760,Illinois,Kendall,13.7,4.5
761,Iowa,Boone,18.3,6.5
762,Illinois,Macon,19.1,8.6
763,Illinois,Tazewell,17.2,7.5
764,Illinois,White,20.1,9.6
765,Iowa,Webster,18.9,7.3
766,Indiana,Martin,22.0,10.2
767,Indiana,Lawrence,21.8,10.2
768,Indiana,Union,21.7,10.1
769,Illinois,Richland,19.4,9.3
770,Indiana,Ohio,21.0,9.8
771,Iowa,Winnebago,16.5,6.9
772,Illinois,Johnson,19.9,8.9
773,Indiana,Morgan,20.5,9.2
774,Idaho,Washington,16.8,8.8
775,Indiana,White,20.3,9.5
776,Iowa,Grundy,15.4,6.3
777,Illinois,Menard,17.1,7.7
778,Iowa,Osceola,17.1,7.6
779,Illinois,Hancock,18.1,9.0
780,Iowa,Clinton,19.1,7.8
781,Iowa,Lyon,17.4,6.6
782,Indiana,Greene,22.0,10.5
783,Illinois,Bond,19.0,8.2
784,Illinois,Livingston,19.9,8.8
785,Indiana,Warren,19.8,9.4
786,Indiana,Clark,20.6,8.6
787,Indiana,Warrick,17.3,7.6
788,Iowa,Union,18.6,7.7
789,Indiana,Decatur,21.0,9.1
790,Illinois,Lee,18.4,8.0
791,Iowa,Scott,17.6,6.0
792,Indiana,Boone,15.7,6.1
793,Illinois,Lawrence,21.2,8.7
794,Iowa,Johnson,13.6,4.4
795,Indiana,Shelby,21.7,9.3
796,Idaho,Power,16.4,6.5
797,Iowa,Ida,17.4,7.1
798,Illinois,Schuyler,19.4,9.3
799,Indiana,Jefferson,21.4,9.6
800,Illinois,Scott,19.6,8.8
801,Iowa,Muscatine,16.6,6.1
802,Illinois,Coles,18.8,8.0
803,Iowa,Humboldt,17.5,7.6
804,Iowa,Calhoun,18.0,7.6
805,Illinois,Bureau,17.0,8.1
806,Iowa,Cedar,16.2,6.3
807,Iowa,Taylor,18.7,7.9
808,Idaho,Teton,13.7,4.7
809,Indiana,Brown,18.4,9.7
810,Indiana,Newton,21.7,10.0
811,Illinois,Union,19.7,9.5
812,Idaho,Shoshone,21.1,10.1
813,Illinois,Edwards,18.8,8.8
814,Iowa,Cerro Gordo,16.4,6.9
815,Indiana,Hamilton,12.7,5.0
816,Illinois,Shelby,19.2,9.1
817,Iowa,Madison,16.9,6.1
818,Indiana,Wells,20.0,9.0
819,Iowa,Jackson,17.9,7.7
820,Illinois,Kankakee,17.7,7.5
821,Indiana,DeKalb,21.2,8.9
822,Iowa,Van Buren,19.7,8.4
823,Indiana,Orange,24.0,11.6
824,Iowa,Floyd,18.5,7.8
825,Indiana,Owen,23.3,11.4
826,Illinois,St. Clair,18.0,7.3
827,Illinois,Clark,19.1,8.7
828,Indiana,Marion,18.8,7.4
829,Illinois,Massac,20.3,9.8
830,Iowa,Lucas,19.1,8.0
831,Indiana,Grant,21.3,10.1
832,Iowa,Plymouth,15.6,6.4
833,Iowa,Hancock,16.5,7.0
834,Illinois,Adams,17.9,8.1
835,Illinois,Champaign,14.6,5.5
836,Iowa,Sioux,14.7,5.4
837,Iowa,Mitchell,17.3,7.4
838,Indiana,Allen,19.2,7.8
839,Illinois,Jackson,17.9,7.5
840,Indiana,Carroll,20.3,9.6
841,Illinois,Christian,19.7,8.8
842,Illinois,Hamilton,18.8,9.0
843,Illinois,Perry,21.2,9.0
844,Iowa,Clay,17.0,7.1
845,Illinois,Jersey,17.9,7.9
846,Illinois,Washington,17.3,7.8
847,Illinois,Kane,14.9,5.4
848,Indiana,Ripley,21.3,9.5
849,Iowa,Sac,16.8,7.3
850,Iowa,Iowa,17.0,6.8
851,Iowa,Clarke,18.1,7.5
852,Indiana,Putnam,20.6,8.6
853,Indiana,LaPorte,24.1,9.9
854,Idaho,Twin Falls,16.3,6.4
855,Illinois,Brown,20.9,7.0
856,Indiana,Dearborn,21.0,9.1
857,Indiana,Whitley,20.0,8.9
858,Iowa,Jones,18.3,7.4
859,Illinois,Mason,20.1,9.7
860,Illinois,Grundy,16.9,6.3
861,Illinois,Macoupin,19.3,8.9
862,Illinois,Saline,21.2,10.2
863,Iowa,Black Hawk,18.0,6.3
864,Illinois,Pulaski,21.9,11.0
865,Iowa,Tama,17.8,7.2
866,Illinois,Logan,18.3,7.5
867,Indiana,Jasper,20.4,8.8
868,Illinois,Iroquois,19.1,9.1
869,Illinois,Ford,18.8,8.6
870,Iowa,Ringgold,17.1,7.8
871,Illinois,Calhoun,18.7,9.2
872,Iowa,Guthrie,17.0,7.4
873,Indiana,Posey,19.5,8.7
874,Indiana,Daviess,24.0,10.7
875,Indiana,Dubois,18.7,8.4
876,Iowa,Jefferson,15.8,6.7
877,Iowa,Polk,17.5,5.4
878,Indiana,Pulaski,22.3,10.5
879,Illinois,Warren,17.3,7.8
880,Indiana,Benton,21.8,10.2
881,Illinois,Boone,16.5,6.6
882,Iowa,O'Brien,18.0,7.3
883,Indiana,Madison,23.5,10.3
884,Illinois,Pope,19.4,10.4
885,Indiana,Switzerland,25.2,11.8
886,Iowa,Dickinson,14.9,6.8
887,Iowa,Henry,18.0,6.8
888,Louisiana,Acadia,24.1,10.4
889,Kentucky,Letcher,30.7,16.2
890,Kentucky,Clark,22.9,10.4
891,Kansas,Morris,17.1,8.1
892,Kentucky,Rowan,24.8,11.0
893,Kansas,Osage,18.5,8.5
894,Kentucky,Webster,27.6,12.9
895,Kentucky,Barren,27.2,12.7
896,Kansas,Geary,17.9,4.6
897,Kentucky,Nelson,22.1,9.2
898,Louisiana,Union,21.9,9.7
899,Kansas,Comanche,16.0,7.8
900,Kansas,Greeley,15.1,6.6
901,Louisiana,Lincoln,18.7,7.2
902,Kansas,Morton,17.1,7.7
903,Kentucky,Owen,26.6,12.6
904,Louisiana,West Carroll,24.5,10.8
905,Kentucky,Trimble,25.3,11.7
906,Kansas,Decatur,16.5,8.6
907,Louisiana,Tensas,27.1,14.5
908,Kansas,Sherman,15.3,6.6
909,Kentucky,Fayette,16.9,7.2
910,Kansas,Neosho,18.9,8.5
911,Kentucky,Fleming,26.7,12.9
912,Kansas,Pratt,16.0,7.2
913,Kentucky,Estill,30.0,15.1
914,Kentucky,Laurel,26.5,12.8
915,Kansas,Clay,16.0,7.6
916,Kentucky,Lawrence,30.5,14.9
917,Kentucky,Anderson,22.5,10.1
918,Louisiana,Assumption,24.9,10.6
919,Kansas,Gove,16.7,8.5
920,Kansas,Ellis,15.5,6.2
921,Louisiana,Evangeline,27.5,11.3
922,Louisiana,Plaquemines,21.4,7.8
923,Louisiana,St. Landry,26.0,10.5
924,Kentucky,Lincoln,27.2,13.3
925,Kentucky,Mason,23.6,11.1
926,Kentucky,Franklin,20.2,9.1
927,Kansas,Butler,16.5,6.4
928,Maine,Cumberland,13.5,6.8
929,Louisiana,Rapides,21.4,8.7
930,Kansas,Thomas,17.0,6.9
931,Kentucky,Magoffin,30.7,15.8
932,Louisiana,Terrebonne,24.2,9.6
933,Kansas,Russell,17.1,8.5
934,Kentucky,Union,24.7,10.9
935,Kentucky,Larue,25.5,11.6
936,Kentucky,Elliott,31.1,15.3
937,Kansas,Clark,15.5,7.0
938,Kansas,Franklin,18.1,7.4
939,Kansas,Republic,15.8,8.3
940,Kentucky,Logan,26.0,11.6
941,Kansas,Jefferson,17.5,7.1
942,Kentucky,Wayne,27.6,14.7
943,Louisiana,Red River,24.8,11.2
944,Kentucky,Madison,21.0,8.7
945,Kentucky,Daviess,22.6,9.8
946,Kentucky,Bullitt,23.4,9.6
947,Kentucky,Woodford,18.9,8.8
948,Kentucky,Harrison,25.3,12.0
949,Kentucky,Shelby,20.6,8.7
950,Kansas,Nemaha,16.3,7.1
951,Louisiana,Jefferson,18.5,7.3
952,Kentucky,Washington,23.3,10.8
953,Kentucky,Owsley,29.4,15.2
954,Kentucky,Powell,27.0,12.3
955,Kansas,Norton,18.1,7.6
956,Kansas,Gray,16.5,6.5
957,Kansas,Seward,17.2,5.8
958,Kentucky,Leslie,32.1,16.6
959,Kentucky,Metcalfe,29.2,14.4
960,Kentucky,Christian,24.9,8.9
961,Louisiana,Jefferson Davis,23.2,9.6
962,Kansas,Montgomery,19.2,8.6
963,Kansas,Trego,15.9,7.9
964,Kansas,Wichita,14.1,6.0
965,Kentucky,Breathitt,30.1,15.6
966,Kentucky,Breckinridge,25.7,12.7
967,Kansas,McPherson,15.9,7.0
968,Louisiana,East Feliciana,23.9,9.3
969,Kansas,Lyon,15.7,6.2
970,Kansas,Kearny,18.6,7.4
971,Kansas,Atchison,18.7,7.3
972,Kentucky,Greenup,22.3,11.4
973,Kentucky,Monroe,27.3,13.6
974,Kansas,Cheyenne,16.1,8.3
975,Kansas,Rush,16.1,8.1
976,Kansas,Douglas,13.9,4.8
977,Kentucky,Caldwell,23.6,12.0
978,Kentucky,Edmonson,27.3,13.5
979,Kansas,Jewell,17.1,9.8
980,Kentucky,Bracken,25.8,11.8
981,Louisiana,Lafourche,22.9,8.9
982,Kentucky,Muhlenberg,25.5,12.2
983,Kansas,Stafford,16.7,8.1
984,Kentucky,Rockcastle,27.8,13.8
985,Maine,Franklin,18.6,9.6
986,Kentucky,Boyd,23.9,11.6
987,Kentucky,Carter,27.5,13.8
988,Kentucky,Graves,25.2,11.6
989,Kentucky,Floyd,30.0,15.6
990,Kansas,Chase,16.4,8.0
991,Kentucky,Lyon,22.7,11.6
992,Kansas,Jackson,18.1,7.6
993,Kansas,Mitchell,16.9,8.0
994,Kansas,Labette,20.3,8.8
995,Louisiana,Claiborne,27.6,11.9
996,Kansas,Miami,16.0,6.1
997,Kentucky,Wolfe,32.6,17.3
998,Kentucky,Morgan,29.8,13.4
999,Kentucky,Taylor,24.1,10.9
1000,Kansas,Wallace,14.4,7.0
1001,Kentucky,Robertson,24.9,13.3
1002,Kansas,Dickinson,17.6,7.9
1003,Louisiana,Vermilion,23.8,9.4
1004,Maine,Aroostook,20.3,11.9
1005,Louisiana,Pointe Coupee,23.1,10.2
1006,Kentucky,McCreary,32.8,15.1
1007,Kansas,Leavenworth,17.4,5.8
1008,Kentucky,Ballard,23.2,12.0
1009,Louisiana,Lafayette,20.5,7.0
1010,Kansas,Phillips,17.3,8.5
1011,Louisiana,Livingston,22.9,7.9
1012,Kentucky,Butler,26.5,12.6
1013,Kansas,Sumner,17.3,7.7
1014,Kansas,Edwards,16.7,7.9
1015,Kentucky,Spencer,22.2,8.9
1016,Kansas,Coffey,16.8,7.8
1017,Louisiana,East Carroll,32.0,13.2
1018,Kentucky,Hopkins,24.6,11.3
1019,Kansas,Logan,17.6,7.8
1020,Kentucky,Knott,29.8,16.0
1021,Kentucky,Adair,26.9,12.7
1022,Kentucky,Montgomery,25.6,11.7
1023,Louisiana,St. James,22.1,8.7
1024,Kentucky,Pike,27.5,14.3
1025,Kansas,Hamilton,17.6,6.3
1026,Kansas,Sedgwick,16.8,6.2
1027,Kentucky,Casey,28.7,14.8
1028,Louisiana,West Feliciana,21.3,7.2
1029,Kentucky,Lewis,30.8,15.4
1030,Kansas,Cowley,18.6,7.3
1031,Louisiana,West Baton Rouge,20.9,7.2
1032,Kentucky,Jefferson,21.8,8.8
1033,Louisiana,Webster,24.9,11.8
1034,Kansas,Cherokee,20.2,9.0
1035,Kansas,Pawnee,17.5,7.3
1036,Louisiana,Madison,29.0,11.4
1037,Kentucky,McLean,23.6,11.6
1038,Louisiana,Allen,24.2,8.7
1039,Kentucky,Carlisle,25.0,12.9
1040,Kansas,Kingman,15.8,7.1
1041,Kentucky,Boone,18.1,7.4
1042,Kentucky,Allen,26.5,11.9
1043,Louisiana,Iberville,23.8,9.0
1044,Kentucky,Perry,28.9,14.0
1045,Kansas,Pottawatomie,15.6,6.0
1046,Louisiana,Washington,26.1,11.1
1047,Louisiana,Morehouse,26.5,11.3
1048,Kentucky,Hardin,23.0,8.7
1049,Kentucky,Marion,27.4,12.7
1050,Louisiana,Bienville,25.2,11.8
1051,Kentucky,McCracken,21.4,10.4
1052,Kansas,Linn,19.7,9.4
1053,Kentucky,Menifee,27.2,14.4
1054,Kansas,Saline,16.7,6.5
1055,Kentucky,Clinton,29.4,15.5
1056,Kentucky,Hart,27.9,13.5
1057,Maine,Androscoggin,19.0,9.1
1058,Kentucky,Todd,25.9,11.7
1059,Kentucky,Grayson,27.7,13.5
1060,Kansas,Lincoln,16.4,8.3
1061,Kansas,Cloud,17.3,8.1
1062,Kentucky,Hickman,25.2,14.2
1063,Kansas,Smith,16.5,8.6
1064,Kentucky,Calloway,20.5,9.5
1065,Louisiana,Ouachita,22.7,9.0
1066,Louisiana,Orleans,21.5,7.1
1067,Louisiana,Franklin,26.4,12.0
1068,Kentucky,Trigg,21.9,11.0
1069,Kansas,Hodgeman,14.6,7.2
1070,Kansas,Stanton,16.1,6.7
1071,Kentucky,Martin,28.0,11.9
1072,Louisiana,Grant,24.8,8.9
1073,Kentucky,Simpson,23.9,10.5
1074,Kansas,Barber,19.4,9.0
1075,Kentucky,Green,26.9,13.9
1076,Kansas,Lane,16.5,7.9
1077,Kentucky,Meade,23.1,9.4
1078,Louisiana,Sabine,23.5,10.2
1079,Louisiana,Catahoula,25.6,10.3
1080,Kansas,Haskell,17.5,7.1
1081,Kentucky,Henderson,24.8,11.0
1082,Kentucky,Bourbon,23.8,11.2
1083,Louisiana,Tangipahoa,22.5,8.9
1084,Kansas,Wilson,19.5,9.1
1085,Kentucky,Marshall,21.7,10.7
1086,Kansas,Rice,15.9,7.0
1087,Kentucky,Hancock,23.9,11.0
1088,Louisiana,Winn,24.0,9.9
1089,Louisiana,Calcasieu,22.0,8.1
1090,Louisiana,LaSalle,25.6,10.0
1091,Louisiana,Vernon,22.2,7.1
1092,Kentucky,Carroll,27.3,12.2
1093,Louisiana,Caldwell,26.0,10.9
1094,Louisiana,St. Charles,18.7,6.7
1095,Louisiana,Jackson,24.6,10.6
1096,Kansas,Finney,17.6,5.5
1097,Kentucky,Lee,35.4,17.4
1098,Kansas,Chautauqua,19.8,10.5
1099,Kansas,Scott,16.1,6.9
1100,Kansas,Allen,18.7,8.4
1101,Kentucky,Pulaski,26.1,12.7
1102,Kansas,Riley,14.0,4.5
1103,Kansas,Crawford,17.5,7.0
1104,Kansas,Johnson,11.8,4.3
1105,Kentucky,Harlan,31.0,16.9
1106,Kansas,Stevens,18.2,7.2
1107,Louisiana,De Soto,23.9,9.8
1108,Louisiana,Caddo,21.9,8.7
1109,Kansas,Ford,17.5,5.5
1110,Louisiana,St. Tammany,18.7,7.1
1111,Kentucky,Pendleton,24.5,11.2
1112,Kansas,Woodson,19.5,10.0
1113,Kentucky,Jackson,29.7,14.8
1114,Kentucky,Russell,25.4,13.1
1115,Louisiana,St. Bernard,23.8,8.5
1116,Kentucky,Kenton,21.1,8.2
1117,Kentucky,Grant,25.8,10.9
1118,Kansas,Sheridan,15.8,7.6
1119,Kansas,Bourbon,18.9,9.0
1120,Louisiana,St. Helena,22.9,9.6
1121,Kansas,Reno,18.1,7.6
1122,Kentucky,Scott,20.4,7.9
1123,Kansas,Greenwood,18.2,9.0
1124,Kansas,Wyandotte,20.3,6.7
1125,Louisiana,St. Mary,23.6,9.5
1126,Kansas,Harvey,14.9,6.4
1127,Kansas,Ness,16.5,8.5
1128,Kansas,Elk,18.9,10.7
1129,Kentucky,Clay,33.7,16.3
1130,Kansas,Rawlins,16.0,8.4
1131,Louisiana,St. John the Baptist,20.5,7.6
1132,Kansas,Wabaunsee,16.1,6.9
1133,Kansas,Barton,17.8,7.9
1134,Kentucky,Whitley,26.8,12.1
1135,Kansas,Marshall,17.5,8.2
1136,Kansas,Rooks,17.3,8.2
1137,Kansas,Grant,16.2,5.9
1138,Kentucky,Knox,29.3,15.2
1139,Louisiana,Iberia,24.3,9.5
1140,Kentucky,Nicholas,29.9,14.7
1141,Kentucky,Henry,25.1,11.6
1142,Kansas,Brown,18.4,8.3
1143,Kentucky,Campbell,20.3,8.3
1144,Louisiana,St. Martin,24.7,9.4
1145,Kentucky,Crittenden,24.8,12.8
1146,Louisiana,Avoyelles,26.1,10.7
1147,Iowa,Worth,17.3,6.8
1148,Kansas,Shawnee,16.3,6.6
1149,Louisiana,Bossier,21.4,7.4
1150,Kansas,Washington,16.8,8.3
1151,Kansas,Meade,16.9,7.2
1152,Kentucky,Livingston,25.1,12.8
1153,Louisiana,Natchitoches,22.0,9.4
1154,Louisiana,Concordia,25.7,11.1
1155,Kansas,Anderson,19.5,9.2
1156,Kentucky,Garrard,24.9,11.8
1157,Kansas,Osborne,16.7,8.3
1158,Kentucky,Oldham,17.0,6.7
1159,Kentucky,Boyle,21.7,10.1
1160,Kansas,Graham,16.2,8.9
1161,Louisiana,Ascension,19.4,6.4
1162,Kansas,Doniphan,18.6,7.9
1163,Kansas,Ellsworth,17.0,7.1
1164,Kansas,Kiowa,16.2,7.5
1165,Kentucky,Jessamine,21.9,9.4
1166,Kansas,Harper,19.0,9.0
1167,Kentucky,Bath,27.1,12.8
1168,Kansas,Marion,15.7,7.5
1169,Louisiana,Richland,26.6,11.4
1170,Kentucky,Gallatin,25.9,11.1
1171,Kansas,Ottawa,17.1,7.5
1172,Louisiana,East Baton Rouge,18.2,6.4
1173,Kentucky,Ohio,25.1,11.9
1174,Kentucky,Mercer,23.3,11.0
1175,Iowa,Wright,17.1,7.4
1176,Kentucky,Johnson,25.5,13.0
1177,Louisiana,Cameron,22.7,9.4
1178,Kentucky,Warren,20.8,8.2
1179,Kentucky,Bell,32.3,17.4
1180,Kentucky,Cumberland,26.3,14.0
1181,Kentucky,Fulton,29.0,14.3
1182,Minnesota,Dodge,16.8,5.2
1183,Michigan,Gogebic,20.2,11.6
1184,Michigan,Tuscola,22.4,10.6
1185,Mississippi,DeSoto,17.3,6.2
1186,Maryland,Carroll,13.6,6.2
1187,Minnesota,Isanti,18.7,6.0
1188,Minnesota,Wadena,20.8,8.0
1189,Michigan,Monroe,19.7,9.0
1190,Michigan,Ingham,15.4,6.8
1191,Michigan,Oceana,21.0,10.1
1192,Maryland,Dorchester,18.7,9.2
1193,Minnesota,Itasca,19.1,7.2
1194,Massachusetts,Berkshire,16.3,7.4
1195,Minnesota,Faribault,17.9,7.2
1196,Mississippi,Leflore,23.6,10.1
1197,Michigan,Emmet,16.3,8.7
1198,Minnesota,Le Sueur,16.8,5.8
1199,Minnesota,Steele,17.2,6.0
1200,Minnesota,Watonwan,18.2,6.5
1201,Minnesota,Douglas,16.9,6.3
1202,Mississippi,Claiborne,21.1,9.4
1203,Minnesota,Wilkin,16.8,6.1
1204,Mississippi,Tishomingo,22.3,10.9
1205,Michigan,Osceola,22.6,11.4
1206,Minnesota,McLeod,17.7,6.3
1207,Michigan,Ogemaw,22.8,12.8
1208,Michigan,Montmorency,20.7,13.1
1209,Michigan,Wayne,21.6,9.2
1210,Mississippi,Lee,19.7,7.6
1211,Minnesota,Murray,16.9,7.0
1212,Mississippi,Harrison,20.3,7.8
1213,Mississippi,Lowndes,18.8,8.0
1214,Minnesota,Norman,18.5,7.0
1215,Michigan,Menominee,20.3,10.8
1216,Maryland,Harford,15.5,6.3
1217,Mississippi,Calhoun,21.6,10.3
1218,Minnesota,Kandiyohi,17.2,6.3
1219,Mississippi,Choctaw,20.4,9.8
1220,Mississippi,Newton,21.3,9.5
1221,Mississippi,Stone,21.6,9.3
1222,Minnesota,Renville,18.1,6.8
1223,Massachusetts,Hampden,17.4,6.6
1224,Michigan,Gladwin,22.1,12.6
1225,Mississippi,Bolivar,21.6,9.8
1226,Michigan,Allegan,18.8,8.4
1227,Minnesota,Wright,15.7,4.9
1228,Michigan,Crawford,20.3,11.3
1229,Minnesota,Meeker,17.6,6.5
1230,Mississippi,George,21.1,8.8
1231,Maryland,Talbot,12.8,7.6
1232,Minnesota,Yellow Medicine,18.7,7.0
1233,Minnesota,Cottonwood,17.6,7.3
1234,Maryland,Kent,15.0,8.2
1235,Mississippi,Lafayette,15.6,5.9
1236,Minnesota,Nobles,17.6,6.3
1237,Mississippi,Marshall,20.3,9.0
1238,Minnesota,Nicollet,16.2,5.1
1239,Michigan,Marquette,17.9,8.2
1240,Michigan,Jackson,22.0,9.3
1241,Mississippi,Panola,22.1,9.5
1242,Mississippi,Marion,23.1,10.6
1243,Michigan,Muskegon,22.4,9.3
1244,Mississippi,Madison,13.6,5.4
1245,Maryland,Washington,17.8,8.4
1246,Mississippi,Copiah,20.7,9.2
1247,Mississippi,Walthall,23.0,10.5
1248,Michigan,Barry,18.1,8.5
1249,Mississippi,Neshoba,24.8,10.6
1250,Maryland,Somerset,21.7,9.3
1251,Minnesota,Morrison,18.3,7.0
1252,Mississippi,Sunflower,24.7,9.5
1253,Minnesota,Dakota,14.1,4.3
1254,Minnesota,Lake of the Woods,18.6,7.7
1255,Minnesota,Rice,16.3,5.3
1256,Maryland,Charles,16.2,5.9
1257,Massachusetts,Bristol,17.3,7.3
1258,Michigan,Huron,20.1,11.0
1259,Michigan,Charlevoix,17.4,9.3
1260,Minnesota,Brown,16.9,6.1
1261,Michigan,Hillsdale,22.0,10.7
1262,Michigan,Wexford,22.3,10.6
1263,Minnesota,Stearns,16.6,5.6
1264,Michigan,Montcalm,22.3,9.9
1265,Michigan,Delta,19.6,10.4
1266,Michigan,Alcona,19.7,12.9
1267,Minnesota,Mille Lacs,21.0,7.3
1268,Maryland,Queen Anne's,14.9,6.8
1269,Michigan,Kent,17.3,6.7
1270,Michigan,Oakland,13.3,6.2
1271,Mississippi,Montgomery,21.3,10.7
1272,Michigan,Kalamazoo,15.9,6.8
1273,Michigan,Clare,23.8,12.9
1274,Maryland,Cecil,19.1,7.7
1275,Michigan,Missaukee,21.6,10.8
1276,Maryland,St. Mary's,16.6,6.2
1277,Mississippi,Quitman,25.6,12.2
1278,Minnesota,Pipestone,18.1,7.1
1279,Michigan,Clinton,17.2,7.5
1280,Michigan,Baraga,22.7,10.9
1281,Michigan,Alpena,20.4,10.7
1282,Minnesota,Chippewa,18.2,7.0
1283,Minnesota,Hubbard,17.5,7.4
1284,Mississippi,Franklin,20.9,9.9
1285,Mississippi,Lawrence,21.2,9.5
1286,Maine,Waldo,19.2,10.0
1287,Mississippi,Attala,22.0,10.4
1288,Michigan,Calhoun,20.1,9.1
1289,Minnesota,Carlton,19.8,6.5
1290,Mississippi,Jefferson,23.5,10.4
1291,Michigan,Arenac,22.2,12.1
1292,Mississippi,Monroe,21.0,9.4
1293,Michigan,Macomb,19.3,8.5
1294,Michigan,Otsego,19.4,9.9
1295,Michigan,Shiawassee,19.3,9.1
1296,Michigan,Leelanau,13.5,8.2
1297,Minnesota,Lincoln,17.7,7.3
1298,Mississippi,Union,20.8,8.8
1299,Michigan,Branch,22.3,10.2
1300,Mississippi,Pearl River,21.0,8.9
1301,Minnesota,Ramsey,15.1,5.0
1302,Michigan,Berrien,18.9,9.2
1303,Minnesota,Cook,14.7,6.7
1304,Maryland,Howard,9.6,4.1
1305,Minnesota,Blue Earth,16.1,5.0
1306,Minnesota,Sherburne,16.6,5.0
1307,Maryland,Calvert,15.5,6.2
1308,Mississippi,Benton,22.7,10.1
1309,Minnesota,Wabasha,17.2,6.5
1310,Mississippi,Lauderdale,20.9,8.7
1311,Maine,Piscataquis,21.6,12.5
1312,Maryland,Wicomico,17.8,7.5
1313,Michigan,Lenawee,19.4,8.8
1314,Maine,Penobscot,19.3,9.4
1315,Michigan,Manistee,19.4,10.4
1316,Michigan,Midland,17.1,7.8
1317,Mississippi,Tunica,20.9,8.0
1318,Mississippi,Forrest,18.7,7.6
1319,Mississippi,Amite,21.2,11.1
1320,Minnesota,Mahnomen,27.7,9.9
1321,Mississippi,Issaquena,27.5,11.5
1322,Minnesota,Carver,12.9,4.1
1323,Minnesota,Pope,16.6,6.7
1324,Michigan,Bay,20.1,9.7
1325,Michigan,Oscoda,22.5,12.9
1326,Minnesota,Cass,20.0,8.2
1327,Minnesota,Clay,15.6,4.9
1328,Minnesota,Winona,16.2,5.6
1329,Maryland,Prince George's,13.3,4.8
1330,Mississippi,Tallahatchie,25.3,9.8
1331,Maine,Lincoln,17.2,9.7
1332,Mississippi,Humphreys,25.5,12.3
1333,Minnesota,Pine,21.7,7.7
1334,Minnesota,Chisago,18.9,5.6
1335,Michigan,Van Buren,21.1,9.5
1336,Michigan,Luce,22.2,10.3
1337,Minnesota,Roseau,18.5,6.4
1338,Maine,Kennebec,18.7,9.4
1339,Michigan,Keweenaw,15.7,10.4
1340,Massachusetts,Suffolk,13.2,4.5
1341,Maryland,Frederick,12.2,5.5
1342,Maine,Washington,21.2,12.0
1343,Minnesota,Rock,17.3,6.4
1344,Minnesota,Otter Tail,15.2,6.8
1345,Mississippi,Prentiss,23.5,10.9
1346,Mississippi,Holmes,26.4,11.4
1347,Minnesota,Lac qui Parle,16.8,7.3
1348,Mississippi,Clarke,20.7,9.3
1349,Michigan,Antrim,18.5,10.1
1350,Minnesota,Redwood,18.2,7.0
1351,Minnesota,Scott,14.0,4.3
1352,Michigan,Benzie,17.0,9.4
1353,Minnesota,Clearwater,21.7,8.1
1354,Minnesota,Beltrami,20.0,6.9
1355,Mississippi,Grenada,20.4,9.0
1356,Minnesota,Waseca,18.8,6.3
1357,Michigan,Lake,23.4,14.6
1358,Minnesota,Polk,18.4,6.3
1359,Minnesota,Grant,18.3,7.4
1360,Maryland,Montgomery,8.9,4.3
1361,Maryland,Baltimore City,20.8,7.2
1362,Maine,Oxford,20.3,10.8
1363,Michigan,Chippewa,23.0,9.9
1364,Minnesota,Todd,19.0,7.6
1365,Massachusetts,Barnstable,12.7,7.1
1366,Minnesota,Red Lake,18.8,7.1
1367,Maryland,Worcester,15.3,8.1
1368,Minnesota,Freeborn,18.1,7.2
1369,Minnesota,Crow Wing,19.2,7.0
1370,Mississippi,Smith,20.9,10.2
1371,Minnesota,Kittson,16.7,7.0
1372,Maryland,Baltimore,15.1,6.3
1373,Minnesota,Big Stone,18.4,7.8
1374,Maine,Sagadahoc,15.6,8.5
1375,Minnesota,Sibley,18.1,6.3
1376,Michigan,Eaton,17.3,7.8
1377,Mississippi,Simpson,20.8,9.3
1378,Michigan,Schoolcraft,22.3,12.3
1379,Mississippi,Jasper,21.2,9.7
1380,Massachusetts,Franklin,15.4,7.2
1381,Minnesota,Koochiching,18.4,8.1
1382,Michigan,Mecosta,20.0,9.5
1383,Michigan,Ottawa,15.4,6.6
1384,Mississippi,Covington,23.2,10.0
1385,Mississippi,Leake,23.6,10.0
1386,Michigan,Presque Isle,19.4,11.8
1387,Mississippi,Tippah,22.1,9.9
1388,Michigan,Iron,20.2,12.2
1389,Maryland,Caroline,19.7,8.8
1390,Michigan,Isabella,19.9,8.1
1391,Mississippi,Jackson,18.7,7.4
1392,Michigan,Sanilac,21.0,10.9
1393,Michigan,Washtenaw,13.1,5.5
1394,Massachusetts,Plymouth,15.4,6.3
1395,Minnesota,Becker,18.2,7.0
1396,Minnesota,St. Louis,17.9,6.4
1397,Michigan,Cass,20.6,9.6
1398,Maryland,Anne Arundel,15.0,5.6
1399,Minnesota,Benton,18.8,5.7
1400,Mississippi,Clay,20.6,9.8
1401,Minnesota,Lake,16.3,6.8
1402,Minnesota,Kanabec,20.3,7.5
1403,Mississippi,Rankin,17.5,6.6
1404,Massachusetts,Essex,13.5,5.5
1405,Michigan,Saginaw,20.1,9.1
1406,Minnesota,Jackson,17.0,6.6
1407,Michigan,St. Clair,20.4,9.6
1408,Massachusetts,Nantucket,12.8,4.8
1409,Mississippi,Pontotoc,20.9,8.9
1410,Michigan,Ionia,21.2,8.6
1411,Maine,Hancock,16.6,9.1
1412,Minnesota,Pennington,17.9,6.4
1413,Michigan,Alger,20.7,10.7
1414,Mississippi,Lincoln,19.8,8.9
1415,Minnesota,Lyon,18.4,6.2
1416,Michigan,Livingston,15.6,7.1
1417,Mississippi,Jefferson Davis,20.9,10.6
1418,Mississippi,Adams,22.4,9.6
1419,Maine,York,16.0,8.2
1420,Mississippi,Alcorn,21.1,9.9
1421,Michigan,Roscommon,20.1,12.8
1422,Massachusetts,Hampshire,12.5,5.5
1423,Michigan,Cheboygan,20.1,11.4
1424,Mississippi,Sharkey,23.2,11.8
1425,Michigan,Kalkaska,23.3,11.3
1426,Mississippi,Jones,18.9,8.8
1427,Maryland,Allegany,18.5,8.9
1428,Michigan,Genesee,21.9,9.9
1429,Mississippi,Itawamba,20.5,9.0
1430,Mississippi,Chickasaw,22.9,10.1
1431,Michigan,St. Joseph,21.0,9.8
1432,Mississippi,Tate,19.9,8.6
1433,Minnesota,Washington,12.8,4.2
1434,Minnesota,Fillmore,18.1,6.9
1435,Minnesota,Swift,19.2,7.3
1436,Mississippi,Pike,22.5,10.4
1437,Mississippi,Noxubee,23.1,10.4
1438,Michigan,Iosco,21.0,12.3
1439,Mississippi,Lamar,18.2,7.0
1440,Minnesota,Hennepin,12.8,4.2
1441,Minnesota,Aitkin,17.5,8.8
1442,Mississippi,Coahoma,22.9,10.4
1443,Mississippi,Scott,24.0,10.0
1444,Michigan,Houghton,18.7,8.6
1445,Michigan,Mason,18.9,10.2
1446,Massachusetts,Worcester,14.5,5.9
1447,Minnesota,Marshall,17.4,6.7
1448,Michigan,Newaygo,21.4,10.4
1449,Mississippi,Greene,22.2,8.3
1450,Minnesota,Martin,18.6,7.2
1451,Michigan,Grand Traverse,16.9,7.9
1452,Minnesota,Anoka,16.6,5.0
1453,Minnesota,Olmsted,13.4,4.6
1454,Mississippi,Oktibbeha,15.3,5.9
1455,Minnesota,Stevens,15.5,5.1
1456,Minnesota,Goodhue,17.6,6.1
1457,Massachusetts,Middlesex,11.5,4.5
1458,Minnesota,Traverse,17.6,7.0
1459,Mississippi,Hinds,17.9,7.1
1460,Mississippi,Perry,22.7,10.6
1461,Maine,Knox,16.3,9.2
1462,Michigan,Mackinac,20.4,11.4
1463,Michigan,Ontonagon,19.7,12.9
1464,Michigan,Gratiot,21.0,9.1
1465,Michigan,Dickinson,18.0,9.4
1466,Maryland,Garrett,19.3,9.5
1467,Minnesota,Mower,18.2,6.6
1468,Michigan,Lapeer,20.5,9.3
1469,Mississippi,Hancock,19.3,9.0
1470,Mississippi,Carroll,21.1,10.4
1471,Mississippi,Kemper,22.0,10.7
1472,Minnesota,Houston,16.8,6.3
1473,Massachusetts,Dukes,13.8,6.7
1474,Maine,Somerset,23.6,12.4
1475,Massachusetts,Norfolk,11.9,5.0
1476,Missouri,Pemiscot,28.8,12.7
1477,Montana,Phillips,19.5,8.9
1478,Montana,Lincoln,18.1,10.2
1479,Missouri,Ralls,22.5,10.5
1480,Missouri,Clinton,20.3,8.6
1481,Nevada,Lincoln,17.1,8.1
1482,Missouri,Henry,23.7,11.3
1483,Missouri,Shelby,22.7,10.9
1484,Montana,Broadwater,17.2,7.8
1485,Missouri,Cass,19.2,8.1
1486,Nebraska,Brown,16.8,8.4
1487,Nebraska,Platte,14.5,5.5
1488,Mississippi,Wilkinson,26.1,11.6
1489,Montana,Petroleum,15.4,7.7
1490,Nebraska,Thayer,15.3,7.3
1491,Missouri,Gasconade,20.3,9.9
1492,Nebraska,Cedar,13.6,6.7
1493,Nebraska,Phelps,14.6,6.4
1494,Nebraska,Jefferson,17.4,7.9
1495,Missouri,Daviess,23.8,11.4
1496,Missouri,Phelps,20.3,8.8
1497,New Hampshire,Coos,20.0,9.4
1498,Missouri,Warren,22.8,9.6
1499,Missouri,Schuyler,23.5,10.9
1500,Montana,Carter,17.2,8.4
1501,Nebraska,Wheeler,16.3,9.1
1502,Nebraska,Greeley,15.1,7.2
1503,Nebraska,Garden,14.8,7.4
1504,Missouri,Iron,25.5,12.5
1505,Nebraska,Butler,15.8,6.4
1506,Nebraska,Morrill,15.7,6.6
1507,Montana,Madison,14.1,7.1
1508,Montana,Flathead,16.5,7.0
1509,Montana,Park,16.0,7.2
1510,Missouri,Crawford,25.8,12.3
1511,Missouri,Harrison,23.4,11.8
1512,Nebraska,Custer,15.5,7.0
1513,Missouri,Nodaway,19.0,7.7
1514,Nebraska,Logan,16.6,7.3
1515,Missouri,Oregon,26.1,13.9
1516,Montana,Mineral,19.9,10.4
1517,Montana,Teton,16.7,8.1
1518,Nebraska,Webster,15.1,7.2
1519,Nebraska,Keith,16.0,7.5
1520,Nevada,Humboldt,18.8,7.4
1521,Missouri,Pettis,22.3,9.4
1522,Nebraska,Merrick,16.0,7.0
1523,Missouri,Scotland,24.4,11.7
1524,Nebraska,Nuckolls,16.3,8.3
1525,Missouri,Howell,24.6,11.6
1526,Missouri,Vernon,23.9,10.9
1527,Nevada,Storey,15.0,8.5
1528,Missouri,Ozark,26.7,15.6
1529,Nebraska,Madison,15.0,6.0
1530,Missouri,Worth,19.9,10.6
1531,Montana,Powder River,16.5,8.3
1532,Mississippi,Webster,21.1,9.4
1533,Nebraska,Hitchcock,16.2,7.8
1534,Missouri,Franklin,20.9,9.1
1535,Missouri,Barry,22.7,11.1
1536,Montana,Musselshell,19.5,9.5
1537,Missouri,Reynolds,24.3,12.5
1538,Nebraska,Cherry,15.5,7.1
1539,Nevada,Douglas,14.9,7.9
1540,Nebraska,Dixon,15.1,6.5
1541,Montana,Fergus,16.9,8.1
1542,Missouri,Clay,18.4,6.6
1543,Nevada,Lander,19.4,8.0
1544,Nebraska,Box Butte,17.6,6.8
1545,Missouri,Hickory,23.0,13.7
1546,Mississippi,Yalobusha,21.4,9.8
1547,Nebraska,Dakota,16.1,5.7
1548,Missouri,Lawrence,23.1,10.6
1549,Missouri,Moniteau,21.8,8.6
1550,Missouri,St. Francois,25.2,9.9
1551,Nebraska,Loup,14.3,7.2
1552,Nebraska,Knox,15.5,7.5
1553,Nevada,Churchill,18.2,8.1
1554,Missouri,Douglas,26.4,14.1
1555,Nebraska,Hooker,13.8,7.4
1556,Montana,McCone,16.7,8.1
1557,Nebraska,Franklin,17.0,8.3
1558,Montana,Lewis and Clark,15.6,6.1
1559,Missouri,Lewis,22.5,10.2
1560,Missouri,Stone,21.5,11.9
1561,Missouri,Newton,21.2,9.5
1562,Nebraska,Stanton,15.5,6.2
1563,Nebraska,Howard,15.2,6.9
1564,Montana,Judith Basin,15.8,8.0
1565,Montana,Sheridan,17.0,7.6
1566,Missouri,Callaway,21.1,8.5
1567,Nebraska,Nemaha,15.4,6.3
1568,Missouri,New Madrid,26.5,12.5
1569,Nebraska,Burt,16.7,7.7
1570,Missouri,Clark,24.0,11.4
1571,Missouri,Ste. Genevieve,21.2,9.9
1572,Missouri,Cedar,23.5,12.3
1573,Nevada,Elko,18.8,6.5
1574,Montana,Fallon,17.3,6.8
1575,Mississippi,Yazoo,24.2,8.5
1576,Montana,Yellowstone,17.0,6.1
1577,Nebraska,Cheyenne,16.0,6.3
1578,Nebraska,Hall,14.8,5.7
1579,Nebraska,Scotts Bluff,15.7,6.5
1580,Mississippi,Wayne,21.4,9.4
1581,Nebraska,Richardson,18.0,8.1
1582,Montana,Dawson,16.9,7.0
1583,Montana,Roosevelt,31.5,9.9
1584,Montana,Pondera,18.9,8.2
1585,Montana,Liberty,22.3,10.4
1586,Missouri,Wayne,27.0,14.4
1587,Nebraska,Otoe,16.7,6.4
1588,Missouri,Polk,22.3,9.9
1589,Nevada,Washoe,15.5,6.3
1590,Nebraska,Furnas,17.2,8.4
1591,Nebraska,Cass,15.9,6.0
1592,Nebraska,Adams,16.0,6.4
1593,Missouri,Dade,24.2,12.7
1594,Nevada,Eureka,19.6,8.0
1595,Mississippi,Washington,23.6,10.5
1596,Nebraska,Gage,17.4,7.3
1597,Missouri,Christian,19.7,7.9
1598,Missouri,Texas,25.7,12.6
1599,Missouri,Miller,22.5,10.4
1600,Nebraska,Cuming,15.5,6.9
1601,Montana,Lake,19.5,8.8
1602,Nebraska,Colfax,16.8,5.8
1603,Missouri,Mississippi,28.8,12.6
1604,Montana,Wibaux,17.0,8.2
1605,Missouri,Cooper,20.9,8.7
1606,Nebraska,Boyd,14.7,7.7
1607,Missouri,Sullivan,22.5,10.0
1608,Montana,Big Horn,27.0,9.6
1609,Nebraska,York,14.5,6.1
1610,Montana,Carbon,15.5,7.5
1611,Missouri,Dunklin,27.6,12.6
1612,Missouri,Macon,21.1,10.2
1613,Nebraska,Kimball,16.7,8.0
1614,Nebraska,Blaine,15.0,7.2
1615,Missouri,Osage,20.5,8.6
1616,Missouri,Lafayette,21.9,9.2
1617,New Hampshire,Carroll,15.6,8.3
1618,Missouri,Jasper,21.1,8.8
1619,Missouri,DeKalb,23.9,8.8
1620,Nebraska,Hayes,15.5,8.3
1621,Nebraska,Sioux,14.0,7.4
1622,Missouri,Laclede,23.7,10.6
1623,Nebraska,Deuel,16.8,7.5
1624,Montana,Rosebud,22.1,8.3
1625,Nevada,Nye,20.5,11.1
1626,Missouri,Cole,18.6,7.6
1627,Nebraska,Frontier,14.5,6.7
1628,Nebraska,Thomas,14.0,6.3
1629,Nebraska,Lincoln,17.6,6.5
1630,Missouri,Benton,22.0,13.1
1631,Missouri,Maries,22.9,11.0
1632,Nevada,Lyon,20.1,8.6
1633,Nebraska,Gosper,13.4,6.2
1634,Nebraska,Thurston,27.4,8.6
1635,Missouri,Stoddard,24.5,11.5
1636,Montana,Blaine,26.5,9.6
1637,Nebraska,Polk,15.2,6.9
1638,Montana,Wheatland,19.5,9.8
1639,Montana,Toole,21.3,8.0
1640,Montana,Silver Bow,18.8,7.7
1641,Montana,Garfield,18.7,8.4
1642,Nebraska,Hamilton,14.4,5.9
1643,Missouri,Camden,20.4,10.8
1644,Montana,Sanders,19.1,11.1
1645,Missouri,Pulaski,19.4,5.6
1646,Montana,Glacier,29.0,10.3
1647,Missouri,Morgan,25.3,13.5
1648,Nebraska,Dawes,13.1,5.3
1649,Montana,Stillwater,16.0,7.2
1650,Missouri,Livingston,22.4,9.9
1651,Missouri,Bollinger,25.1,12.3
1652,Missouri,Grundy,21.7,10.7
1653,Montana,Sweet Grass,15.2,7.5
1654,Missouri,Madison,23.3,10.7
1655,Nebraska,Keya Paha,14.7,8.6
1656,Missouri,Putnam,21.3,11.0
1657,Missouri,St. Louis,15.9,6.8
1658,Montana,Granite,15.9,8.3
1659,Missouri,Jefferson,22.3,8.3
1660,Nebraska,Pawnee,17.5,9.6
1661,Nebraska,Lancaster,13.6,4.9
1662,Nebraska,Clay,16.4,7.1
1663,Missouri,Barton,22.7,11.4
1664,Nebraska,Washington,14.7,5.9
1665,Montana,Prairie,17.4,9.7
1666,Missouri,Marion,22.1,9.9
1667,Nebraska,Dodge,18.3,6.9
1668,Nebraska,Rock,14.3,6.8
1669,Missouri,Atchison,19.7,10.0
1670,Nebraska,Harlan,14.8,7.4
1671,Missouri,Taney,21.0,9.9
1672,Missouri,Butler,25.4,12.0
1673,Missouri,St. Charles,15.3,6.4
1674,New Hampshire,Hillsborough,15.2,6.1
1675,Montana,Jefferson,15.1,6.9
1676,Nevada,Esmeralda,19.2,11.2
1677,Missouri,St. Louis City,20.0,7.5
1678,Missouri,Lincoln,23.2,8.6
1679,Nebraska,Wayne,13.8,5.3
1680,Nebraska,Buffalo,15.9,5.4
1681,Missouri,Linn,22.3,10.3
1682,Montana,Custer,17.5,7.3
1683,Nebraska,Saline,16.6,6.5
1684,Missouri,Knox,22.7,11.8
1685,Missouri,Wright,28.0,13.7
1686,Missouri,Saline,21.0,9.3
1687,Nebraska,Dawson,15.7,6.1
1688,Nebraska,Holt,14.5,6.7
1689,Missouri,Adair,19.2,8.0
1690,New Hampshire,Belknap,15.7,7.4
1691,Missouri,Ripley,27.8,14.1
1692,Missouri,Dallas,24.7,11.8
1693,Montana,Missoula,15.5,5.5
1694,Montana,Treasure,17.0,8.9
1695,Montana,Daniels,15.3,7.6
1696,Missouri,Chariton,20.8,10.8
1697,Nebraska,Saunders,16.1,6.3
1698,Missouri,St. Clair,22.7,12.6
1699,Nevada,Clark,16.6,6.6
1700,Montana,Golden Valley,17.6,8.8
1701,Nebraska,Douglas,15.9,5.2
1702,Missouri,Andrew,20.3,8.5
1703,Montana,Gallatin,12.0,4.6
1704,Mississippi,Winston,21.0,9.9
1705,Montana,Valley,17.7,8.3
1706,Missouri,Randolph,23.7,9.7
1707,Missouri,Carter,23.8,11.1
1708,Missouri,Howard,20.3,9.4
1709,Missouri,Bates,22.4,10.4
1710,Nebraska,Nance,16.7,7.3
1711,Nebraska,Pierce,15.2,6.3
1712,New Hampshire,Cheshire,16.4,7.2
1713,Nebraska,Valley,14.9,7.1
1714,Montana,Richland,16.3,6.1
1715,Missouri,Montgomery,23.7,11.7
1716,Nevada,Mineral,21.1,10.8
1717,Nebraska,Boone,15.4,7.3
1718,Nevada,Carson City,16.9,7.7
1719,Nebraska,Sheridan,16.5,8.4
1720,Missouri,Carroll,22.2,10.7
1721,Nebraska,Fillmore,15.8,6.9
1722,Missouri,Jackson,21.6,7.8
1723,Nebraska,Sarpy,13.3,4.3
1724,Missouri,Johnson,18.2,6.9
1725,Missouri,Shannon,26.4,13.9
1726,Nebraska,Johnson,18.2,6.5
1727,Missouri,Greene,18.9,8.2
1728,Nebraska,Kearney,15.5,6.2
1729,Montana,Beaverhead,15.7,6.8
1730,Missouri,Perry,21.9,9.5
1731,Missouri,Buchanan,23.2,9.3
1732,Missouri,Mercer,20.8,10.1
1733,Missouri,Ray,21.8,9.5
1734,Mississippi,Warren,19.9,8.5
1735,Nebraska,Garfield,13.7,7.0
1736,Missouri,Monroe,22.5,11.1
1737,Montana,Chouteau,19.0,8.3
1738,Missouri,Scott,23.5,10.7
1739,Missouri,Gentry,22.0,10.2
1740,Montana,Meagher,16.4,8.8
1741,Montana,Powell,19.3,7.8
1742,Montana,Hill,22.8,7.9
1743,Missouri,Boone,17.1,6.3
1744,Nebraska,Banner,14.4,6.6
1745,Nebraska,Sherman,15.5,8.0
1746,Missouri,Audrain,23.9,10.4
1747,Missouri,Caldwell,22.6,10.8
1748,Nebraska,Arthur,16.1,7.2
1749,Montana,Ravalli,17.1,8.2
1750,Nebraska,Grant,16.5,7.7
1751,Nebraska,Antelope,15.8,7.5
1752,Nebraska,McPherson,16.1,8.3
1753,Nebraska,Perkins,14.7,6.4
1754,Missouri,Pike,24.3,10.1
1755,Missouri,Webster,24.6,10.5
1756,Nebraska,Chase,14.5,6.5
1757,Nebraska,Red Willow,16.9,7.0
1758,Montana,Cascade,18.4,7.3
1759,New Hampshire,Grafton,14.9,6.8
1760,Missouri,Holt,20.6,10.7
1761,Missouri,Washington,26.5,12.0
1762,Montana,Deer Lodge,20.4,9.4
1763,Missouri,Platte,15.4,6.0
1764,Missouri,Dent,24.6,12.4
1765,Nevada,Pershing,20.5,7.3
1766,Nevada,White Pine,20.1,8.0
1767,Missouri,Cape Girardeau,19.4,7.9
1768,Missouri,McDonald,26.4,11.5
1769,Nebraska,Dundy,16.8,8.7
1770,Nebraska,Seward,15.0,5.7
1771,Ohio,Ashtabula,25.8,12.4
1772,New York,Jefferson,19.8,7.6
1773,New Mexico,Socorro,17.4,7.1
1774,Ohio,Clinton,24.5,10.7
1775,North Dakota,McIntosh,16.6,9.2
1776,North Carolina,Alamance,18.7,8.0
1777,New York,Monroe,16.9,7.0
1778,North Carolina,Pamlico,19.5,10.7
1779,North Carolina,Dare,16.1,7.6
1780,North Carolina,Iredell,18.5,7.4
1781,North Carolina,Buncombe,16.5,7.5
1782,North Carolina,Anson,23.4,9.9
1783,Ohio,Greene,17.6,7.7
1784,Ohio,Athens,22.3,9.0
1785,New York,Ontario,15.5,7.5
1786,North Carolina,Granville,20.1,8.4
1787,New York,Schoharie,17.7,9.1
1788,New York,Onondaga,16.6,7.5
1789,North Dakota,Benson,27.6,10.4
1790,New Mexico,Eddy,16.0,5.4
1791,New York,Clinton,18.9,8.5
1792,North Dakota,Oliver,16.8,7.1
1793,Ohio,Belmont,24.4,10.8
1794,New Mexico,Harding,13.3,7.7
1795,North Dakota,Cass,15.7,4.6
1796,North Carolina,Avery,21.6,9.8
1797,North Carolina,Washington,22.2,11.3
1798,North Dakota,Morton,17.3,5.7
1799,North Dakota,Williams,18.9,4.7
1800,New York,Queens,12.4,5.6
1801,North Dakota,Dunn,17.5,6.2
1802,North Carolina,Robeson,27.9,11.7
1803,North Dakota,Divide,17.8,8.2
1804,North Carolina,Scotland,25.4,10.9
1805,North Dakota,Stark,18.8,5.7
1806,Ohio,Butler,20.9,8.2
1807,New York,Chenango,20.0,10.1
1808,North Carolina,Beaufort,20.0,10.0
1809,New York,Montgomery,20.3,9.4
1810,Ohio,Carroll,22.6,11.2
1811,New York,Essex,17.2,8.9
1812,North Carolina,Moore,16.0,7.8
1813,North Dakota,Foster,15.9,7.0
1814,New York,Schenectady,16.7,7.3
1815,North Dakota,Emmons,16.7,8.2
1816,New Mexico,Sandoval,13.6,5.2
1817,North Carolina,Carteret,17.4,8.7
1818,Ohio,Auglaize,20.4,9.5
1819,North Carolina,Hyde,23.2,10.8
1820,North Carolina,Johnston,19.5,7.3
1821,New York,Putnam,13.3,5.9
1822,North Carolina,Cherokee,20.3,11.4
1823,New York,Columbia,16.3,8.4
1824,North Carolina,Ashe,20.1,10.3
1825,North Carolina,Rutherford,21.8,10.6
1826,North Dakota,Burleigh,15.9,5.4
1827,North Carolina,Brunswick,16.9,9.3
1828,North Dakota,Kidder,18.1,8.4
1829,New York,Oswego,20.5,9.4
1830,New Mexico,Guadalupe,14.8,5.1
1831,New Mexico,Rio Arriba,15.6,5.9
1832,North Carolina,Orange,13.2,5.3
1833,North Dakota,Wells,15.6,7.9
1834,North Carolina,Gates,20.5,9.2
1835,North Carolina,Sampson,21.4,9.3
1836,New York,Westchester,10.5,5.4
1837,New York,Oneida,18.6,8.9
1838,North Carolina,Madison,19.3,9.3
1839,North Carolina,Onslow,18.1,5.6
1840,New York,Schuyler,19.9,9.9
1841,North Dakota,Pembina,17.4,7.0
1842,New Mexico,Quay,16.3,7.8
1843,New Mexico,San Miguel,14.9,6.1
1844,North Carolina,Hoke,22.2,7.2
1845,New Mexico,Otero,17.5,6.5
1846,North Carolina,Alexander,21.5,9.7
1847,North Dakota,Griggs,15.6,8.1
1848,North Dakota,Pierce,17.9,8.0
1849,New Mexico,Grant,13.2,6.7
1850,North Carolina,Richmond,24.4,10.7
1851,Ohio,Clermont,22.6,9.0
1852,North Carolina,Greene,23.4,9.4
1853,New Mexico,Lincoln,13.8,6.8
1854,North Carolina,Guilford,18.2,6.9
1855,North Carolina,Columbus,23.3,10.8
1856,New York,Washington,19.1,9.4
1857,New York,Wyoming,19.6,8.7
1858,New York,Erie,16.9,7.7
1859,North Carolina,Caldwell,22.8,10.4
1860,North Carolina,Graham,22.7,11.5
1861,New York,Wayne,18.3,8.8
1862,North Dakota,Towner,18.1,8.3
1863,Ohio,Clark,23.5,10.8
1864,New Mexico,Bernalillo,14.6,4.9
1865,Ohio,Crawford,24.4,11.4
1866,North Carolina,Vance,23.2,10.3
1867,New York,Hamilton,19.6,12.2
1868,North Carolina,Perquimans,19.3,10.2
1869,North Dakota,Eddy,16.7,7.4
1870,North Carolina,Transylvania,17.5,9.8
1871,New York,Livingston,17.4,8.0
1872,New York,Madison,17.7,8.1
1873,Ohio,Fairfield,20.4,8.6
1874,North Carolina,Watauga,16.9,7.4
1875,North Dakota,Rolette,30.7,10.0
1876,North Carolina,Gaston,20.8,8.6
1877,Ohio,Henry,20.6,9.0
1878,New Mexico,San Juan,21.9,7.8
1879,North Carolina,Yancey,20.2,10.6
1880,New Mexico,Taos,12.8,6.3
1881,Ohio,Allen,21.6,9.7
1882,North Carolina,Halifax,24.7,11.7
1883,New York,Tioga,18.6,8.9
1884,Ohio,Franklin,20.5,6.9
1885,New York,Saratoga,14.5,6.7
1886,North Carolina,Bladen,22.8,10.9
1887,New York,Genesee,18.1,8.5
1888,New York,Greene,18.6,9.5
1889,North Carolina,Rowan,20.1,8.8
1890,North Carolina,Pasquotank,20.4,8.2
1891,North Carolina,Person,21.1,9.4
1892,North Dakota,Hettinger,18.9,7.8
1893,New York,Sullivan,18.2,8.3
1894,North Carolina,Camden,20.4,8.3
1895,Ohio,Adams,29.0,13.9
1896,North Carolina,Harnett,19.9,7.2
1897,New Mexico,Sierra,16.5,9.9
1898,Ohio,Guernsey,24.9,12.2
1899,North Carolina,Henderson,16.3,8.1
1900,New Mexico,Mora,12.8,6.2
1901,North Dakota,Cavalier,15.9,7.5
1902,North Carolina,Randolph,21.2,9.5
1903,Ohio,Cuyahoga,20.7,8.6
1904,North Dakota,LaMoure,17.0,8.5
1905,New Mexico,Los Alamos,9.0,3.7
1906,New York,Franklin,21.4,9.3
1907,Ohio,Champaign,22.4,9.9
1908,New York,Dutchess,15.2,6.7
1909,North Carolina,Wayne,20.5,8.6
1910,North Carolina,Stokes,21.7,10.1
1911,Ohio,Geauga,17.7,8.8
1912,North Carolina,Rockingham,21.8,10.3
1913,Ohio,Erie,21.5,9.8
1914,New York,Warren,15.7,8.2
1915,New York,Delaware,18.5,9.7
1916,North Dakota,Grant,17.8,9.1
1917,North Carolina,Davidson,21.6,9.4
1918,New York,Seneca,19.9,9.1
1919,New York,Cortland,17.7,7.9
1920,North Dakota,Sheridan,17.3,9.5
1921,North Carolina,Alleghany,21.9,12.4
1922,North Carolina,Northampton,22.4,11.6
1923,North Carolina,Currituck,18.8,7.8
1924,North Dakota,McLean,17.2,7.2
1925,New Hampshire,Sullivan,18.3,8.3
1926,New York,Rockland,13.0,6.3
1927,North Carolina,Cumberland,19.1,6.6
1928,New Mexico,Torrance,17.8,7.7
1929,New Mexico,McKinley,24.2,10.3
1930,North Dakota,Sioux,34.1,10.9
1931,New Hampshire,Merrimack,15.2,6.6
1932,New York,Steuben,20.1,9.6
1933,Ohio,Hamilton,19.6,7.9
1934,North Carolina,Union,17.7,6.4
1935,North Carolina,Hertford,22.1,9.8
1936,New York,Ulster,16.0,7.7
1937,New York,Chautauqua,20.1,9.6
1938,New York,Fulton,21.9,9.9
1939,New Mexico,De Baca,16.0,8.2
1940,North Carolina,Cleveland,22.3,10.1
1941,North Dakota,Mercer,17.3,6.8
1942,New York,Yates,18.1,9.3
1943,New Mexico,Curry,17.2,5.9
1944,Ohio,Ashland,21.9,10.2
1945,North Carolina,Nash,20.2,8.5
1946,North Dakota,Steele,14.0,6.3
1947,North Carolina,Lee,19.4,8.1
1948,Ohio,Hardin,22.6,10.0
1949,New Mexico,Valencia,15.8,5.7
1950,North Carolina,Montgomery,20.4,9.5
1951,North Carolina,Franklin,20.5,8.1
1952,North Dakota,Adams,15.8,7.4
1953,North Carolina,Haywood,18.4,9.2
1954,New Mexico,Colfax,14.8,7.2
1955,North Carolina,Wilkes,22.0,10.7
1956,New Mexico,Doa Ana,14.5,5.5
1957,Ohio,Fayette,26.1,11.4
1958,New York,Cayuga,19.8,9.2
1959,North Carolina,Forsyth,17.5,7.2
1960,North Carolina,Durham,15.4,5.5
1961,North Carolina,Wilson,21.7,9.5
1962,North Carolina,Wake,12.9,4.9
1963,New Mexico,Santa Fe,11.4,5.3
1964,North Dakota,Stutsman,17.9,6.7
1965,North Dakota,Traill,15.2,6.0
1966,North Dakota,McKenzie,19.3,5.2
1967,North Carolina,New Hanover,16.0,7.0
1968,New Hampshire,Rockingham,13.9,5.8
1969,North Carolina,Swain,25.1,11.2
1970,North Carolina,Caswell,21.5,9.8
1971,New York,Lewis,19.4,9.7
1972,New York,Herkimer,19.6,9.5
1973,North Carolina,Clay,18.6,10.8
1974,New Hampshire,Strafford,15.5,6.1
1975,New York,St. Lawrence,19.8,9.5
1976,Ohio,Brown,23.5,11.1
1977,North Dakota,Nelson,16.3,7.4
1978,North Carolina,Yadkin,21.4,10.0
1979,New Mexico,Catron,16.0,10.5
1980,Ohio,Gallia,25.1,11.9
1981,North Dakota,Bottineau,16.5,7.1
1982,New Mexico,Luna,18.2,7.6
1983,New Mexico,Chaves,16.3,6.2
1984,North Carolina,Catawba,19.7,8.2
1985,North Carolina,Pitt,18.2,7.1
1986,New York,Kings,14.1,5.9
1987,North Dakota,Golden Valley,15.8,7.3
1988,North Dakota,Ramsey,16.4,6.8
1989,North Carolina,Burke,22.1,10.1
1990,New York,Richmond,15.3,6.3
1991,North Dakota,Ward,17.0,4.9
1992,North Carolina,Chatham,15.0,7.5
1993,North Dakota,Barnes,16.2,6.9
1994,North Dakota,Sargent,16.4,6.5
1995,North Dakota,Walsh,17.2,7.5
1996,North Dakota,Dickey,15.0,6.2
1997,Ohio,Delaware,15.0,6.0
1998,New York,Broome,16.7,8.4
1999,North Carolina,Surry,21.9,10.2
2000,Ohio,Defiance,20.4,9.1
2001,North Carolina,Chowan,19.6,9.8
2002,New Mexico,Union,17.9,6.8
2003,North Dakota,Mountrail,21.2,5.9
2004,North Dakota,Grand Forks,14.8,5.2
2005,New Mexico,Roosevelt,17.1,6.1
2006,North Dakota,Renville,16.2,6.7
2007,North Carolina,Jones,23.2,11.9
2008,North Carolina,Duplin,22.1,10.0
2009,North Carolina,Edgecombe,23.3,10.7
2010,New York,Rensselaer,16.9,7.2
2011,North Dakota,Billings,16.6,6.6
2012,North Carolina,Jackson,18.4,8.2
2013,New Mexico,Cibola,20.9,7.7
2014,North Carolina,Pender,18.6,8.3
2015,Ohio,Columbiana,24.2,11.4
2016,New York,Allegany,19.7,9.3
2017,Ohio,Fulton,20.3,9.0
2018,North Carolina,Macon,18.3,10.1
2019,North Carolina,Bertie,22.8,10.8
2020,New York,Bronx,16.4,6.6
2021,New York,Chemung,19.5,9.1
2022,North Carolina,Mecklenburg,15.3,5.2
2023,North Carolina,Lincoln,18.9,8.2
2024,New York,Otsego,17.2,8.4
2025,New Mexico,Hidalgo,15.7,6.9
2026,New York,Orange,15.2,6.2
2027,North Carolina,Stanly,20.9,9.0
2028,North Carolina,Lenoir,22.9,10.5
2029,North Carolina,Tyrrell,24.0,10.4
2030,Ohio,Hancock,20.3,8.4
2031,New York,Nassau,11.7,5.4
2032,New Mexico,Lea,17.1,5.3
2033,North Dakota,Bowman,16.5,6.9
2034,North Dakota,Logan,17.4,7.8
2035,Ohio,Harrison,26.1,12.3
2036,North Dakota,Richland,15.9,6.5
2037,North Carolina,Mitchell,19.7,10.0
2038,New York,Tompkins,13.3,5.6
2039,New York,Cattaraugus,20.6,10.1
2040,North Carolina,Martin,21.6,10.8
2041,Ohio,Coshocton,25.9,12.1
2042,North Carolina,McDowell,22.2,10.0
2043,New York,Suffolk,13.4,5.9
2044,North Dakota,Burke,16.7,6.7
2045,North Dakota,McHenry,17.3,6.8
2046,New York,New York,11.3,4.6
2047,North Carolina,Warren,22.6,11.4
2048,North Dakota,Ransom,17.2,7.1
2049,North Carolina,Polk,16.1,9.5
2050,New York,Albany,14.2,6.4
2051,North Carolina,Davie,18.6,8.6
2052,New York,Orleans,20.6,9.6
2053,North Dakota,Slope,16.2,7.3
2054,North Carolina,Craven,17.9,7.9
2055,Ohio,Darke,22.6,10.8
2056,New York,Niagara,20.0,9.0
2057,North Carolina,Cabarrus,17.2,6.4
2058,Pennsylvania,Perry,21.7,8.7
2059,Oregon,Marion,14.9,6.1
2060,South Carolina,Greenville,14.7,6.4
2061,Ohio,Miami,21.7,9.5
2062,Ohio,Logan,23.1,10.2
2063,Pennsylvania,Lawrence,20.7,9.1
2064,Oklahoma,Oklahoma,16.5,7.0
2065,Pennsylvania,Wayne,19.9,8.9
2066,Ohio,Hocking,24.7,11.6
2067,Oklahoma,Pittsburg,22.9,10.5
2068,Pennsylvania,Clinton,21.0,8.6
2069,Pennsylvania,Delaware,16.6,6.2
2070,Oregon,Benton,12.3,5.0
2071,South Carolina,Saluda,20.6,9.5
2072,South Carolina,McCormick,18.6,10.7
2073,Oklahoma,Pontotoc,20.3,8.5
2074,Ohio,Washington,21.9,10.8
2075,Ohio,Scioto,28.0,12.7
2076,South Carolina,Georgetown,17.3,9.5
2077,Oklahoma,Delaware,22.0,12.1
2078,Oregon,Morrow,18.1,7.3
2079,South Carolina,Horry,21.6,9.5
2080,Pennsylvania,Indiana,20.9,8.7
2081,Pennsylvania,Mifflin,23.7,10.3
2082,Oklahoma,Ellis,19.3,10.4
2083,South Dakota,Aurora,15.9,5.9
2084,Oklahoma,Seminole,23.9,11.5
2085,Oregon,Klamath,17.8,8.1
2086,Oklahoma,Noble,18.9,8.8
2087,Ohio,Trumbull,25.1,11.5
2088,Ohio,Wood,18.1,7.5
2089,South Carolina,Anderson,20.1,8.9
2090,Pennsylvania,Lycoming,21.1,8.3
2091,South Carolina,Greenwood,19.1,8.7
2092,Oregon,Malheur,19.0,7.3
2093,Rhode Island,Providence,16.4,7.0
2094,Oklahoma,Harper,18.0,8.9
2095,Ohio,Monroe,25.3,12.5
2096,Oklahoma,Canadian,17.7,6.6
2097,South Dakota,Brule,17.6,6.7
2098,Oklahoma,Custer,17.8,7.8
2099,Pennsylvania,Columbia,20.0,8.2
2100,South Carolina,Chester,22.1,10.1
2101,Pennsylvania,Adams,19.1,7.9
2102,Oklahoma,Wagoner,18.9,8.1
2103,Oklahoma,Jefferson,22.1,11.7
2104,Ohio,Wyandot,23.1,10.3
2105,Ohio,Summit,20.5,8.9
2106,Oklahoma,Muskogee,22.4,10.3
2107,South Carolina,Chesterfield,23.0,10.5
2108,Pennsylvania,Philadelphia,20.2,6.8
2109,Ohio,Lake,19.5,8.7
2110,Oklahoma,Alfalfa,19.0,8.5
2111,Oklahoma,Washington,17.6,8.7
2112,Oregon,Linn,16.9,7.4
2113,South Carolina,Hampton,23.6,10.3
2114,Ohio,Pike,26.1,13.2
2115,Oregon,Polk,15.2,6.0
2116,Pennsylvania,Washington,18.1,7.7
2117,Oregon,Yamhill,16.3,6.2
2118,South Carolina,Dorchester,18.1,6.7
2119,Oklahoma,Cherokee,22.3,9.8
2120,Ohio,Medina,17.6,7.9
2121,Pennsylvania,Greene,22.8,8.8
2122,Rhode Island,Newport,12.0,7.0
2123,South Carolina,York,15.6,6.5
2124,Oklahoma,Garfield,18.5,8.0
2125,Oklahoma,Tillman,19.5,9.7
2126,South Carolina,Abbeville,21.2,10.1
2127,Pennsylvania,Snyder,20.9,8.4
2128,Pennsylvania,Susquehanna,20.7,9.6
2129,Oklahoma,Harmon,17.6,8.7
2130,South Carolina,Richland,16.2,5.7
2131,Oklahoma,Major,17.8,8.9
2132,Oklahoma,Okfuskee,26.5,12.4
2133,Ohio,Perry,26.8,11.5
2134,Oregon,Wallowa,15.7,8.3
2135,Ohio,Pickaway,23.5,9.6
2136,Oregon,Jackson,16.9,7.3
2137,South Carolina,Lexington,17.3,7.2
2138,Ohio,Stark,21.6,9.7
2139,Oklahoma,Nowata,22.9,10.9
2140,Ohio,Highland,27.2,12.3
2141,Oregon,Hood River,15.1,5.6
2142,Pennsylvania,Jefferson,23.0,10.0
2143,Oregon,Josephine,18.8,9.2
2144,Rhode Island,Washington,14.4,6.9
2145,Ohio,Portage,20.0,8.4
2146,Ohio,Richland,24.0,10.5
2147,Ohio,Williams,22.8,9.9
2148,Oregon,Wheeler,17.3,10.5
2149,Oklahoma,Payne,16.8,7.0
2150,Oregon,Columbia,18.8,7.5
2151,South Carolina,Pickens,17.6,7.6
2152,Pennsylvania,Fayette,22.9,10.0
2153,Oklahoma,Marshall,20.7,10.7
2154,Oklahoma,Comanche,19.1,7.4
2155,Oregon,Multnomah,15.6,4.9
2156,South Carolina,Lee,22.9,10.0
2157,Oklahoma,Coal,23.8,12.4
2158,Oklahoma,Kiowa,21.3,10.9
2159,Ohio,Knox,20.2,9.7
2160,Pennsylvania,Crawford,22.3,9.3
2161,Pennsylvania,Tioga,21.9,9.3
2162,Oklahoma,Tulsa,17.3,7.3
2163,South Carolina,Spartanburg,19.6,7.7
2164,South Carolina,Cherokee,23.0,9.8
2165,Oklahoma,Murray,20.3,10.1
2166,Ohio,Jefferson,24.4,11.3
2167,Pennsylvania,Carbon,20.7,8.8
2168,Oregon,Tillamook,16.3,8.0
2169,South Carolina,Allendale,24.4,10.6
2170,South Carolina,Marlboro,25.6,11.0
2171,Pennsylvania,Butler,16.2,6.8
2172,Oregon,Clatsop,16.7,7.4
2173,Oklahoma,Garvin,22.1,9.8
2174,Oregon,Lane,14.8,6.8
2175,South Carolina,Edgefield,20.4,8.8
2176,Pennsylvania,Dauphin,18.4,7.0
2177,Ohio,Wayne,21.6,9.8
2178,Pennsylvania,Franklin,19.8,8.1
2179,Oregon,Clackamas,13.5,5.3
2180,Ohio,Ottawa,19.9,10.3
2181,South Carolina,Oconee,18.9,9.4
2182,Oregon,Sherman,17.1,8.1
2183,Oklahoma,Caddo,22.8,9.9
2184,Pennsylvania,Cambria,20.0,9.1
2185,Oklahoma,Pushmataha,23.2,12.7
2186,South Carolina,Bamberg,20.5,9.6
2187,Ohio,Vinton,27.6,13.2
2188,Oklahoma,Creek,21.9,9.6
2189,Pennsylvania,Elk,21.1,9.0
2190,Ohio,Lawrence,26.1,12.1
2191,Rhode Island,Bristol,13.4,6.9
2192,South Carolina,Orangeburg,19.2,9.3
2193,South Carolina,Laurens,22.3,9.7
2194,Ohio,Shelby,21.8,9.4
2195,Oklahoma,Pawnee,21.8,10.4
2196,Oklahoma,Blaine,20.8,10.1
2197,South Carolina,Charleston,15.5,6.1
2198,Pennsylvania,Warren,20.8,9.3
2199,Pennsylvania,Monroe,18.8,6.9
2200,Ohio,Paulding,22.2,9.9
2201,Pennsylvania,Northampton,17.2,6.5
2202,Oklahoma,Grady,20.3,8.7
2203,Ohio,Holmes,27.8,11.6
2204,Oregon,Jefferson,17.9,7.5
2205,Oklahoma,Lincoln,21.2,10.0
2206,Pennsylvania,Lackawanna,19.9,7.9
2207,Pennsylvania,Montgomery,14.4,5.4
2208,Oklahoma,Latimer,21.8,11.3
2209,Ohio,Sandusky,20.8,9.6
2210,Oklahoma,Choctaw,24.8,12.8
2211,Oregon,Baker,16.2,8.3
2212,Oregon,Crook,17.7,8.4
2213,South Dakota,Brown,16.0,5.6
2214,Ohio,Seneca,21.9,9.6
2215,Pennsylvania,Clearfield,22.7,9.5
2216,Oklahoma,McIntosh,22.8,12.9
2217,Oklahoma,Adair,29.2,13.3
2218,South Carolina,Barnwell,23.1,10.8
2219,Pennsylvania,Blair,21.9,8.9
2220,Pennsylvania,Juniata,22.8,9.6
2221,Pennsylvania,Montour,19.3,8.0
2222,Oregon,Washington,12.4,4.4
2223,Oklahoma,Bryan,21.4,9.8
2224,South Dakota,Beadle,18.2,6.8
2225,Oklahoma,Craig,22.9,11.4
2226,Ohio,Morrow,24.0,10.7
2227,Oklahoma,McCurtain,23.8,11.7
2228,Oklahoma,Greer,21.8,9.5
2229,Ohio,Meigs,26.9,13.1
2230,South Carolina,Calhoun,18.6,9.1
2231,South Carolina,Lancaster,17.5,8.0
2232,Pennsylvania,Venango,21.5,9.7
2233,Pennsylvania,Wyoming,20.2,8.5
2234,Pennsylvania,Clarion,21.3,9.0
2235,Pennsylvania,Sullivan,21.1,10.2
2236,Ohio,Huron,23.3,10.5
2237,Oklahoma,Woodward,19.2,7.8
2238,Pennsylvania,Cumberland,16.7,6.5
2239,South Dakota,Bon Homme,19.1,6.9
2240,Oklahoma,Osage,21.6,10.2
2241,Oregon,Deschutes,14.9,6.1
2242,Ohio,Noble,23.9,13.3
2243,Ohio,Mahoning,22.1,10.1
2244,Oklahoma,Ottawa,23.1,11.1
2245,Oklahoma,Johnston,22.7,11.0
2246,Pennsylvania,Armstrong,22.3,9.6
2247,South Carolina,Jasper,20.9,9.3
2248,South Carolina,Newberry,20.2,9.1
2249,South Carolina,Kershaw,19.6,8.4
2250,Pennsylvania,Union,19.1,7.1
2251,Oklahoma,Le Flore,23.6,11.3
2252,Ohio,Preble,22.3,10.0
2253,Pennsylvania,Schuylkill,22.7,8.9
2254,Oklahoma,Mayes,23.7,11.0
2255,South Carolina,Williamsburg,23.2,10.4
2256,Rhode Island,Kent,16.1,8.0
2257,Oklahoma,Cotton,21.6,10.8
2258,Oklahoma,Cleveland,16.0,6.4
2259,South Carolina,Sumter,19.5,8.3
2260,Pennsylvania,Westmoreland,19.0,8.0
2261,Pennsylvania,Lancaster,19.2,7.2
2262,Pennsylvania,Potter,22.5,10.5
2263,Oregon,Coos,18.8,9.1
2264,Pennsylvania,Bedford,22.1,9.9
2265,Oklahoma,Sequoyah,25.6,12.2
2266,Pennsylvania,Erie,20.4,8.1
2267,Oklahoma,Beckham,20.2,8.4
2268,Pennsylvania,Berks,18.7,7.0
2269,Pennsylvania,Allegheny,17.4,6.5
2270,Pennsylvania,York,18.8,7.4
2271,Oregon,Gilliam,17.1,9.0
2272,South Carolina,Berkeley,19.0,6.8
2273,Oklahoma,Grant,17.2,8.6
2274,Oklahoma,Okmulgee,22.5,10.9
2275,Ohio,Ross,26.4,11.2
2276,Oregon,Curry,16.1,9.0
2277,Ohio,Madison,22.9,9.3
2278,South Carolina,Colleton,23.6,10.3
2279,Pennsylvania,Huntingdon,21.7,8.7
2280,Pennsylvania,Luzerne,20.9,7.9
2281,Oklahoma,Texas,17.6,6.9
2282,South Dakota,Brookings,12.7,4.1
2283,South Dakota,Bennett,29.0,10.0
2284,Pennsylvania,Northumberland,22.6,9.3
2285,South Carolina,Darlington,21.8,9.6
2286,Oklahoma,Beaver,17.6,8.5
2287,South Carolina,Beaufort,14.1,7.0
2288,Ohio,Van Wert,22.2,10.1
2289,Ohio,Warren,16.8,7.0
2290,Oklahoma,Pottawatomie,21.4,9.8
2291,Oregon,Union,16.3,7.6
2292,Ohio,Lorain,20.7,9.2
2293,Oklahoma,Stephens,20.8,9.9
2294,Oklahoma,Cimarron,16.9,9.5
2295,Oklahoma,Kay,20.6,9.7
2296,South Carolina,Dillon,25.3,11.6
2297,Oklahoma,Hughes,24.3,11.3
2298,Ohio,Mercer,20.6,9.4
2299,Ohio,Lucas,22.9,9.7
2300,Oklahoma,Haskell,23.0,11.4
2301,Oklahoma,Dewey,19.3,9.4
2302,South Carolina,Clarendon,20.9,10.7
2303,Pennsylvania,Bucks,16.1,6.1
2304,Oklahoma,Kingfisher,19.0,8.3
2305,Oklahoma,Carter,20.2,9.1
2306,Pennsylvania,Cameron,22.1,11.0
2307,Ohio,Tuscarawas,22.4,10.9
2308,South Carolina,Aiken,17.5,8.2
2309,Pennsylvania,Lehigh,17.3,6.3
2310,South Carolina,Marion,23.6,10.7
2311,Oregon,Lincoln,17.0,8.6
2312,Oregon,Grant,17.9,9.9
2313,South Dakota,Campbell,14.4,6.8
2314,Ohio,Licking,21.1,8.9
2315,Pennsylvania,Somerset,21.9,9.5
2316,Pennsylvania,Chester,13.3,5.3
2317,Pennsylvania,McKean,22.5,9.1
2318,Oklahoma,Jackson,17.0,7.3
2319,South Carolina,Florence,19.8,8.5
2320,South Carolina,Fairfield,21.0,10.2
2321,Oklahoma,Roger Mills,19.7,10.2
2322,Ohio,Morgan,27.0,13.4
2323,Oklahoma,Love,20.8,9.8
2324,Oregon,Lake,18.9,9.6
2325,Pennsylvania,Lebanon,20.5,7.8
2326,Ohio,Putnam,18.5,8.5
2327,Oregon,Douglas,18.2,8.9
2328,Pennsylvania,Bradford,21.6,9.4
2329,Oklahoma,Atoka,23.7,11.7
2330,South Dakota,Buffalo,36.1,10.8
2331,Pennsylvania,Beaver,20.3,8.4
2332,Ohio,Jackson,25.6,12.3
2333,Pennsylvania,Forest,24.9,9.6
2334,Ohio,Montgomery,20.8,9.6
2335,Pennsylvania,Fulton,22.5,9.4
2336,South Carolina,Union,22.8,10.8
2337,Ohio,Union,19.4,7.3
2338,Oklahoma,Washita,18.4,8.9
2339,Ohio,Marion,26.9,11.1
2340,Oklahoma,Logan,17.7,8.0
2341,Pennsylvania,Mercer,20.2,8.9
2342,Oklahoma,Woods,16.6,7.3
2343,Oregon,Harney,17.4,8.3
2344,South Dakota,Butte,19.8,7.6
2345,Oregon,Umatilla,17.7,6.9
2346,Oklahoma,McClain,18.4,7.7
2347,Oklahoma,Rogers,18.8,8.2
2348,Oregon,Wasco,16.8,7.1
2349,Pennsylvania,Pike,17.2,7.5
2350,Ohio,Muskingum,24.9,11.0
2351,Pennsylvania,Centre,17.1,6.0
2352,Texas,Jones,20.2,7.3
2353,Texas,Kent,15.0,7.9
2354,Tennessee,Chester,22.2,10.2
2355,Texas,Hansford,19.3,8.1
2356,Texas,Concho,18.5,9.1
2357,Texas,El Paso,13.4,4.9
2358,Tennessee,Jefferson,22.1,11.1
2359,Texas,Lampasas,17.2,7.6
2360,Texas,Angelina,19.3,8.5
2361,Texas,Dallas,15.5,5.5
2362,Texas,Archer,17.9,8.2
2363,South Dakota,Dewey,32.0,9.5
2364,South Dakota,Fall River,17.3,8.2
2365,South Dakota,Potter,15.3,6.8
2366,Tennessee,Knox,17.9,7.9
2367,Tennessee,Campbell,27.2,13.8
2368,Tennessee,Shelby,19.6,8.3
2369,Texas,Brown,17.4,7.8
2370,Texas,Eastland,19.3,9.5
2371,Tennessee,Warren,25.5,11.9
2372,South Dakota,Hyde,15.5,6.4
2373,Tennessee,Jackson,26.5,13.8
2374,Tennessee,Moore,21.3,10.7
2375,Texas,Hartley,17.0,5.8
2376,Tennessee,Anderson,22.0,10.5
2377,Tennessee,Loudon,19.3,10.3
2378,Texas,Gonzales,17.9,7.3
2379,Texas,Foard,17.7,9.7
2380,Tennessee,Carter,25.6,13.1
2381,Tennessee,Van Buren,27.0,14.4
2382,Texas,Haskell,21.9,10.3
2383,Texas,Dawson,20.0,7.6
2384,Texas,Hopkins,19.0,8.3
2385,Tennessee,Perry,26.9,14.1
2386,Texas,Kinney,17.4,8.0
2387,Texas,Burnet,15.8,7.6
2388,South Dakota,Lawrence,15.7,6.1
2389,South Dakota,Charles Mix,21.9,8.4
2390,Texas,Clay,18.1,8.6
2391,South Dakota,Marshall,15.9,6.0
2392,Tennessee,Lawrence,25.1,11.9
2393,Tennessee,Johnson,27.7,14.3
2394,South Dakota,Jackson,29.1,10.7
2395,Texas,Hays,12.8,4.7
2396,Tennessee,Cumberland,21.6,13.0
2397,South Dakota,Ziebach,32.8,10.4
2398,Texas,Caldwell,17.6,6.7
2399,South Dakota,Edmunds,16.1,6.3
2400,South Dakota,Roberts,22.7,8.8
2401,South Dakota,Perkins,16.4,7.4
2402,Tennessee,Sevier,23.7,10.9
2403,Tennessee,Hickman,25.6,11.9
2404,Texas,La Salle,15.9,4.9
2405,Tennessee,Haywood,25.5,11.7
2406,Texas,Delta,18.8,8.9
2407,Texas,Comal,14.0,5.8
2408,Texas,Henderson,20.5,9.9
2409,South Dakota,Hutchinson,16.2,6.8
2410,Tennessee,Coffee,22.9,10.4
2411,Tennessee,Henderson,26.3,11.9
2412,South Dakota,Hughes,16.6,5.8
2413,Texas,Bell,16.9,5.5
2414,Tennessee,Wayne,25.8,12.1
2415,Tennessee,Bradley,21.2,9.9
2416,Texas,Hidalgo,15.4,5.9
2417,Texas,Deaf Smith,16.8,5.9
2418,Texas,Burleson,18.3,8.1
2419,Texas,Kenedy,23.5,10.1
2420,Tennessee,Fentress,25.4,13.9
2421,Texas,Knox,18.4,8.6
2422,Tennessee,Macon,25.6,11.8
2423,Texas,Grimes,20.8,8.6
2424,Texas,Briscoe,18.5,9.5
2425,Texas,Lamb,18.4,7.9
2426,South Dakota,Harding,16.6,5.9
2427,Texas,Crockett,14.9,6.0
2428,Tennessee,Roane,22.2,11.1
2429,South Dakota,Todd,38.4,11.6
2430,Texas,DeWitt,18.6,8.1
2431,Tennessee,Washington,19.8,9.4
2432,Texas,Bee,18.5,6.0
2433,Tennessee,Lauderdale,28.3,12.4
2434,South Dakota,Sully,15.6,6.8
2435,Texas,Borden,11.9,6.1
2436,Tennessee,Bledsoe,26.9,12.6
2437,Texas,Hemphill,16.1,6.4
2438,South Dakota,Gregory,18.6,8.2
2439,Tennessee,Robertson,21.5,9.2
2440,Tennessee,Gibson,23.4,10.9
2441,Texas,Brewster,13.3,6.2
2442,Tennessee,Tipton,22.4,9.4
2443,Texas,Hockley,17.4,6.7
2444,Tennessee,Greene,22.8,12.2
2445,Tennessee,Hawkins,24.7,12.6
2446,Tennessee,Houston,25.5,12.8
2447,South Dakota,Clark,17.6,7.2
2448,Texas,Kimble,17.5,10.0
2449,South Dakota,Moody,17.9,6.6
2450,Texas,Chambers,17.1,5.9
2451,Texas,Austin,16.0,7.2
2452,Texas,Duval,16.3,6.6
2453,Tennessee,McMinn,25.4,11.8
2454,South Dakota,Yankton,16.9,6.1
2455,South Dakota,Jones,16.0,6.5
2456,Tennessee,Rutherford,19.3,6.6
2457,Texas,Dickens,18.4,8.6
2458,Tennessee,Scott,28.4,13.1
2459,South Dakota,Deuel,17.8,6.3
2460,Tennessee,Lewis,24.4,12.8
2461,Texas,Hood,16.2,8.1
2462,Texas,Camp,17.7,7.8
2463,Texas,Erath,16.3,6.4
2464,Tennessee,Sequatchie,24.0,12.2
2465,Tennessee,Union,27.0,13.2
2466,Texas,King,20.1,9.4
2467,Tennessee,Hardin,24.9,13.0
2468,South Dakota,Turner,16.5,6.5
2469,Texas,Jackson,17.1,7.0
2470,Texas,Fort Bend,12.0,4.3
2471,Texas,Garza,19.6,6.2
2472,Texas,Howard,18.9,6.5
2473,Texas,Harrison,20.1,8.4
2474,South Dakota,Hanson,17.4,5.8
2475,Tennessee,McNairy,26.3,13.1
2476,South Dakota,Douglas,16.2,6.9
2477,South Dakota,Lincoln,15.5,4.3
2478,Texas,Cochran,20.3,8.5
2479,Texas,Donley,17.5,8.9
2480,Texas,Colorado,16.9,7.7
2481,Texas,Hill,18.2,8.4
2482,Tennessee,Trousdale,24.1,8.3
2483,Texas,Castro,15.6,6.2
2484,Texas,Kerr,15.0,7.9
2485,Tennessee,Davidson,17.3,6.7
2486,Texas,Karnes,17.5,5.9
2487,South Dakota,Walworth,17.2,6.7
2488,Texas,Bosque,18.0,9.2
2489,South Dakota,Haakon,18.6,8.3
2490,South Dakota,Stanley,14.5,5.3
2491,Texas,Brazos,15.3,4.9
2492,Tennessee,Franklin,21.3,10.1
2493,Tennessee,Smith,24.6,11.4
2494,Texas,Bexar,14.4,4.9
2495,South Dakota,Union,15.2,5.5
2496,Texas,Hardin,20.1,8.3
2497,Texas,Crosby,18.3,8.1
2498,Tennessee,Fayette,20.3,10.0
2499,Tennessee,Sullivan,21.7,11.4
2500,Texas,Lamar,21.0,9.4
2501,Texas,Ector,16.5,5.0
2502,Tennessee,Sumner,19.3,8.3
2503,South Dakota,Tripp,19.3,8.1
2504,Texas,Hardeman,19.3,9.1
2505,Texas,Collingsworth,19.1,8.4
2506,Tennessee,Dickson,23.1,10.3
2507,Texas,Irion,16.4,7.3
2508,South Dakota,Davison,16.8,6.2
2509,Texas,Jasper,22.1,10.1
2510,Tennessee,Claiborne,25.7,12.5
2511,Texas,Brazoria,15.9,5.0
2512,Tennessee,Giles,22.2,11.1
2513,Tennessee,Weakley,22.0,10.9
2514,Texas,Coke,17.3,9.0
2515,South Dakota,Oglala Lakota,38.8,11.3
2516,Texas,Galveston,17.1,6.1
2517,Tennessee,Monroe,25.5,12.8
2518,Texas,Kaufman,18.0,6.3
2519,Tennessee,Stewart,22.1,10.8
2520,Texas,Fannin,19.7,8.3
2521,Texas,Grayson,18.4,7.8
2522,Tennessee,Pickett,25.2,14.9
2523,Texas,Jim Wells,16.4,6.2
2524,Texas,Callahan,18.3,8.6
2525,Tennessee,Maury,20.8,8.7
2526,Texas,Jack,21.7,8.6
2527,South Dakota,Jerauld,15.3,6.4
2528,South Dakota,Lake,15.7,6.3
2529,Texas,Falls,21.6,9.2
2530,Texas,Bastrop,16.8,6.6
2531,Texas,Lavaca,17.7,8.3
2532,Texas,Goliad,15.6,7.6
2533,South Dakota,Spink,16.8,6.5
2534,Tennessee,Unicoi,23.7,12.5
2535,South Dakota,Hand,14.9,6.4
2536,Tennessee,Overton,25.3,13.0
2537,Texas,Dimmit,18.7,8.0
2538,Tennessee,Wilson,18.4,7.7
2539,Texas,Jefferson,18.8,7.2
2540,Tennessee,Grundy,26.0,14.0
2541,South Dakota,Sanborn,17.3,6.2
2542,Texas,Glasscock,18.0,7.1
2543,Tennessee,Grainger,25.5,12.8
2544,Texas,Bandera,16.2,8.7
2545,Texas,Lee,18.4,7.9
2546,Tennessee,Obion,25.2,12.5
2547,Texas,Johnson,18.6,7.0
2548,South Dakota,Day,19.1,8.0
2549,Texas,Guadalupe,14.6,5.2
2550,Tennessee,Henry,25.0,12.8
2551,Tennessee,Hardeman,26.7,12.2
2552,Texas,Cherokee,20.0,8.7
2553,Tennessee,Meigs,24.8,12.2
2554,Texas,Hutchinson,19.0,7.8
2555,Texas,Calhoun,17.2,7.0
2556,Tennessee,Crockett,23.9,11.5
2557,South Dakota,McPherson,17.3,8.4
2558,Texas,Hamilton,18.9,9.8
2559,Tennessee,White,25.2,12.7
2560,Texas,Baylor,17.0,8.4
2561,Texas,Bailey,15.2,5.5
2562,Texas,Floyd,16.2,6.9
2563,Tennessee,Benton,25.8,13.9
2564,South Dakota,Kingsbury,16.0,6.5
2565,South Dakota,Clay,14.6,4.3
2566,South Dakota,Mellette,31.5,12.1
2567,South Dakota,Custer,16.1,7.6
2568,Tennessee,Montgomery,19.8,6.7
2569,Texas,Jeff Davis,14.7,8.4
2570,Tennessee,Dyer,23.5,11.1
2571,South Dakota,Corson,32.8,11.0
2572,Texas,Coleman,17.9,9.2
2573,Texas,Gregg,19.1,8.0
2574,Tennessee,Bedford,24.3,10.0
2575,Texas,Harris,15.8,5.2
2576,Tennessee,Hamblen,23.5,11.2
2577,Texas,Atascosa,16.1,6.0
2578,Tennessee,Blount,21.5,9.9
2579,Tennessee,Madison,20.3,9.5
2580,Texas,Carson,16.0,7.3
2581,Tennessee,Rhea,23.9,11.8
2582,Texas,Collin,12.7,4.4
2583,South Dakota,Minnehaha,15.8,5.0
2584,Texas,Fisher,16.4,8.1
2585,Texas,Gaines,20.0,6.6
2586,Texas,Kleberg,14.3,5.1
2587,Texas,Houston,22.8,10.7
2588,Texas,Dallam,17.9,6.2
2589,Texas,Gillespie,14.0,7.7
2590,Tennessee,Williamson,13.3,5.7
2591,Texas,Comanche,16.1,7.8
2592,Tennessee,Marshall,23.4,10.3
2593,Texas,Hall,19.5,10.3
2594,Texas,Anderson,21.9,7.9
2595,Tennessee,Hancock,28.1,15.3
2596,Texas,Freestone,20.2,9.1
2597,South Dakota,Hamlin,16.8,5.6
2598,Texas,Hale,16.8,5.9
2599,Tennessee,Decatur,23.9,13.1
2600,Texas,Jim Hogg,17.0,6.9
2601,Texas,Bowie,20.2,8.2
2602,South Dakota,Miner,16.8,6.7
2603,Tennessee,Humphreys,23.9,11.5
2604,Tennessee,Clay,26.0,15.3
2605,Tennessee,DeKalb,24.1,11.5
2606,Texas,Gray,20.1,8.2
2607,Texas,Cooke,17.6,7.7
2608,Texas,Childress,18.7,6.6
2609,Texas,Andrews,17.4,5.4
2610,Tennessee,Lincoln,22.9,11.3
2611,South Dakota,Meade,15.7,5.4
2612,Texas,Ellis,16.6,5.9
2613,Tennessee,Polk,23.6,12.4
2614,Texas,Denton,13.6,4.5
2615,Texas,Crane,15.4,5.3
2616,Tennessee,Marion,25.0,11.9
2617,Texas,Fayette,16.6,8.7
2618,Tennessee,Carroll,22.9,11.6
2619,Tennessee,Morgan,27.6,13.1
2620,Tennessee,Cannon,23.6,11.1
2621,Texas,Cass,21.2,10.6
2622,Texas,Culberson,18.9,9.0
2623,Texas,Franklin,15.6,7.3
2624,Texas,Aransas,19.0,10.0
2625,Tennessee,Hamilton,18.7,8.2
2626,Texas,Cottle,21.0,11.2
2627,South Dakota,Pennington,18.1,6.1
2628,Tennessee,Cocke,26.4,14.0
2629,Texas,Coryell,19.5,6.0
2630,Texas,Hunt,19.4,7.9
2631,Texas,Armstrong,16.4,8.2
2632,South Dakota,Faulk,15.6,6.8
2633,South Dakota,Lyman,23.0,8.1
2634,Tennessee,Lake,30.5,12.7
2635,Texas,Brooks,17.7,7.9
2636,South Dakota,McCook,16.8,6.2
2637,Texas,Hudspeth,20.8,7.6
2638,Tennessee,Putnam,21.6,9.6
2639,Texas,Cameron,15.7,6.5
2640,Texas,Frio,18.2,5.7
2641,Texas,Kendall,13.2,5.7
2642,Texas,Blanco,15.5,7.8
2643,South Dakota,Codington,17.7,6.4
2644,Texas,Edwards,16.5,8.9
2645,South Dakota,Grant,16.5,6.4
2646,Tennessee,Cheatham,21.9,9.3
2647,Texas,Taylor,16.0,6.3
2648,Virginia,Roanoke,14.7,7.4
2649,Virginia,Hampton,18.4,7.0
2650,Virginia,Accomack,20.1,10.7
2651,Virginia,Spotsylvania,15.8,6.4
2652,Texas,Leon,20.3,10.6
2653,Texas,Panola,20.5,9.3
2654,Texas,Midland,14.6,4.6
2655,Texas,Red River,21.4,11.1
2656,Texas,Tarrant,15.1,5.6
2657,Texas,Wheeler,19.3,8.9
2658,Virginia,Isle of Wight,17.8,8.1
2659,Virginia,Alexandria,12.5,4.2
2660,Vermont,Windsor,15.0,7.7
2661,Utah,Davis,8.1,4.1
2662,Texas,Limestone,20.7,9.2
2663,Virginia,Harrisonburg,16.7,5.9
2664,Virginia,Nottoway,21.9,9.9
2665,Texas,Zapata,18.3,6.9
2666,Texas,Roberts,16.8,7.9
2667,Virginia,Fredericksburg,15.7,5.7
2668,Texas,Swisher,19.5,8.2
2669,Vermont,Washington,14.9,7.1
2670,Virginia,Frederick,16.2,7.1
2671,Texas,Milam,18.9,8.8
2672,Texas,Potter,20.3,7.4
2673,Utah,Uintah,14.0,6.4
2674,Texas,Trinity,21.3,11.1
2675,Virginia,Arlington,9.2,3.3
2676,Virginia,Northumberland,15.0,10.1
2677,Virginia,Winchester,17.0,7.3
2678,Virginia,Goochland,14.5,7.2
2679,Texas,Parmer,17.0,6.5
2680,Virginia,Rockbridge,18.3,10.1
2681,Virginia,Buchanan,26.8,14.5
2682,Virginia,Alleghany,20.7,11.2
2683,Utah,Salt Lake,9.5,4.4
2684,Texas,Newton,23.9,11.1
2685,Virginia,Amelia,19.5,9.2
2686,Texas,Upton,17.1,6.4
2687,Texas,Washington,16.3,7.8
2688,Vermont,Orleans,19.5,9.2
2689,Virginia,Fluvanna,15.5,7.0
2690,Virginia,Henry,21.1,11.5
2691,Virginia,Amherst,19.0,9.5
2692,Virginia,Salem,16.7,7.6
2693,Texas,Wise,18.3,7.4
2694,Texas,Navarro,19.8,8.3
2695,Texas,Shackelford,17.3,8.4
2696,Virginia,Appomattox,19.1,9.2
2697,Virginia,Franklin,19.2,10.0
2698,Virginia,Lexington,15.0,6.2
2699,Virginia,Lancaster,14.9,10.1
2700,Utah,Rich,10.7,6.2
2701,Texas,Polk,22.5,9.3
2702,Utah,Wayne,10.8,7.0
2703,Virginia,Albemarle,13.3,6.0
2704,Texas,Robertson,18.5,8.1
2705,Utah,Piute,11.4,8.3
2706,Virginia,Williamsburg,12.7,5.7
2707,Virginia,Charlottesville,16.2,5.9
2708,Utah,Daggett,10.3,6.6
2709,Texas,Real,19.0,11.1
2710,Virginia,Roanoke City,22.0,9.0
2711,Texas,Wood,18.1,9.7
2712,Texas,Maverick,17.6,6.3
2713,Texas,Runnels,17.5,8.0
2714,Texas,Lynn,18.8,8.1
2715,Texas,Uvalde,15.7,6.3
2716,Virginia,Emporia,23.4,11.9
2717,Texas,McMullen,12.4,6.0
2718,Virginia,Southampton,19.2,9.2
2719,Virginia,Prince George,18.8,6.6
2720,Virginia,Newport News,18.2,6.7
2721,Virginia,Bedford,16.6,8.4
2722,Texas,Liberty,21.8,7.9
2723,Virginia,Radford,18.0,6.7
2724,Vermont,Franklin,17.3,7.6
2725,Texas,Schleicher,14.8,6.1
2726,Virginia,Highland,17.0,11.1
2727,Virginia,Patrick,20.2,11.3
2728,Virginia,Loudoun,10.3,3.9
2729,Virginia,Pittsylvania,21.0,10.6
2730,Virginia,Greensville,23.6,8.8
2731,Texas,Willacy,19.0,7.0
2732,Texas,Travis,12.6,4.0
2733,Virginia,Martinsville,20.8,9.9
2734,Virginia,Rockingham,17.2,8.3
2735,Virginia,Stafford,13.7,5.0
2736,Texas,Moore,17.4,5.9
2737,Texas,Starr,20.3,7.4
2738,Texas,Nolan,17.8,7.7
2739,Vermont,Grand Isle,15.4,7.0
2740,Texas,Reagan,15.6,5.0
2741,Virginia,Poquoson,14.5,6.7
2742,Texas,Walker,18.6,6.7
2743,Texas,San Patricio,16.4,6.2
2744,Texas,Williamson,12.1,4.5
2745,Texas,Throckmorton,17.3,9.7
2746,Virginia,Smyth,22.3,11.2
2747,Texas,Somervell,18.2,8.1
2748,Texas,Nacogdoches,18.5,7.6
2749,Texas,Terry,19.5,7.6
2750,Virginia,Staunton,16.9,8.0
2751,Texas,Oldham,17.9,7.1
2752,Texas,Yoakum,17.4,6.0
2753,Virginia,Grayson,22.1,12.0
2754,Virginia,Warren,19.0,8.1
2755,Utah,Carbon,12.2,6.5
2756,Virginia,Richmond City,17.8,7.1
2757,Texas,Lubbock,15.1,5.6
2758,Texas,Refugio,16.1,7.4
2759,Texas,Pecos,17.2,5.8
2760,Texas,Stonewall,18.0,9.8
2761,Texas,Tom Green,15.9,5.8
2762,Texas,Reeves,17.1,5.0
2763,Virginia,Washington,18.9,10.2
2764,Utah,Cache,9.1,4.3
2765,Virginia,Virginia Beach,15.5,5.8
2766,Virginia,Petersburg,21.4,9.2
2767,Virginia,Cumberland,20.2,10.0
2768,Utah,Wasatch,8.2,4.3
2769,Virginia,Mecklenburg,20.0,10.8
2770,Vermont,Orange,16.1,8.0
2771,Virginia,Shenandoah,17.9,9.2
2772,Virginia,Culpeper,17.1,7.3
2773,Texas,San Jacinto,20.6,10.3
2774,Virginia,Richmond,20.6,9.5
2775,Virginia,Prince William,13.7,4.8
2776,Virginia,Brunswick,21.8,10.0
2777,Utah,Emery,11.7,6.8
2778,Virginia,Tazewell,21.8,11.3
2779,Virginia,Manassas Park,15.2,4.6
2780,Texas,Loving,20.2,6.9
2781,Virginia,Dinwiddie,20.8,8.7
2782,Virginia,James City,12.0,6.5
2783,Texas,San Saba,18.6,8.7
2784,Texas,Sutton,14.9,6.1
2785,Vermont,Lamoille,16.2,7.1
2786,Texas,Motley,16.0,8.9
2787,Virginia,Middlesex,17.6,10.2
2788,Utah,Utah,6.3,3.6
2789,Virginia,Norfolk,18.2,6.2
2790,Virginia,Galax,23.0,11.8
2791,Utah,Tooele,11.0,4.9
2792,Texas,Lipscomb,17.2,7.4
2793,Texas,Victoria,17.2,6.3
2794,Utah,Summit,7.4,4.1
2795,Virginia,Colonial Heights,17.3,8.1
2796,Washington,Adams,16.5,6.4
2797,Virginia,Wythe,20.2,10.3
2798,Texas,Rockwall,13.7,5.0
2799,Virginia,Carroll,21.2,11.0
2800,Washington,Benton,14.4,5.7
2801,Washington,Ferry,19.8,10.5
2802,Vermont,Essex,20.7,10.6
2803,Texas,Morris,20.0,9.6
2804,Utah,Morgan,8.8,4.5
2805,Texas,Wilbarger,20.3,9.0
2806,Virginia,New Kent,17.3,7.2
2807,Texas,Shelby,21.7,9.8
2808,Virginia,Russell,23.9,12.3
2809,Texas,Palo Pinto,19.6,9.1
2810,Virginia,Prince Edward,18.1,7.5
2811,Utah,Sevier,12.3,7.0
2812,Virginia,York,13.5,5.7
2813,Virginia,Floyd,18.8,9.7
2814,Virginia,Caroline,19.1,7.8
2815,Virginia,Portsmouth,20.3,7.8
2816,Texas,McCulloch,17.8,8.5
2817,Texas,Ward,17.1,6.1
2818,Texas,Mason,14.8,8.1
2819,Texas,Waller,17.3,6.0
2820,Texas,Terrell,13.9,7.8
2821,Virginia,Botetourt,16.0,8.3
2822,Texas,Wichita,18.3,7.0
2823,Virginia,Nelson,17.7,9.5
2824,Texas,Medina,15.2,5.8
2825,Virginia,Manassas,15.4,5.3
2826,Virginia,Scott,21.0,11.8
2827,Virginia,Fairfax City,10.9,4.4
2828,Texas,Live Oak,19.1,7.9
2829,Virginia,Hanover,14.9,6.6
2830,Virginia,King and Queen,18.5,9.1
2831,Virginia,Chesterfield,14.5,6.2
2832,Vermont,Addison,13.7,6.3
2833,Utah,Box Elder,10.7,5.4
2834,Utah,Weber,10.5,4.9
2835,Texas,San Augustine,21.1,11.8
2836,Virginia,Lynchburg,17.0,6.9
2837,Texas,Van Zandt,19.7,9.2
2838,Virginia,Giles,19.6,9.5
2839,Virginia,Buckingham,22.6,10.2
2840,Texas,Marion,21.1,11.4
2841,Utah,Iron,10.5,5.8
2842,Texas,Winkler,17.7,6.1
2843,Virginia,Suffolk,17.4,6.8
2844,Virginia,King George,15.9,6.1
2845,Utah,Juab,12.6,6.0
2846,Virginia,Waynesboro,19.4,8.8
2847,Virginia,King William,18.3,7.6
2848,Texas,Zavala,18.9,7.6
2849,Texas,Sterling,17.3,6.4
2850,Utah,Washington,8.6,6.0
2851,Virginia,Fauquier,14.4,6.5
2852,Washington,Clallam,14.7,8.3
2853,Virginia,Bristol,21.1,11.0
2854,Virginia,Campbell,19.2,9.1
2855,Texas,Wilson,14.9,5.9
2856,Virginia,Greene,18.1,8.2
2857,Texas,Stephens,19.4,8.7
2858,Texas,Orange,21.0,8.3
2859,Virginia,Page,21.9,10.8
2860,Virginia,Montgomery,15.9,6.1
2861,Texas,Rains,19.5,9.7
2862,Texas,Smith,16.9,7.2
2863,Virginia,Pulaski,19.4,9.7
2864,Texas,Martin,16.9,5.8
2865,Texas,Nueces,15.7,5.9
2866,Virginia,Powhatan,16.4,7.4
2867,Texas,Titus,18.7,7.3
2868,Virginia,Mathews,15.5,9.5
2869,Virginia,Charles City,20.8,10.3
2870,Texas,McLennan,17.7,6.8
2871,Virginia,Covington,20.8,9.9
2872,Virginia,Fairfax,10.6,4.3
2873,Virginia,Sussex,21.6,8.7
2874,Texas,Menard,15.6,9.1
2875,Virginia,Charlotte,22.8,11.9
2876,Utah,Duchesne,13.8,6.4
2877,Texas,Upshur,20.2,9.0
2878,Virginia,Gloucester,17.1,8.0
2879,Virginia,Dickenson,24.3,13.4
2880,Texas,Young,18.5,8.6
2881,Utah,Millard,11.7,6.7
2882,Texas,Randall,14.6,5.5
2883,Vermont,Windham,16.8,8.0
2884,Virginia,Louisa,19.0,9.4
2885,Virginia,Bland,19.8,9.5
2886,Washington,Douglas,15.6,6.5
2887,Washington,Asotin,17.4,8.6
2888,Virginia,Norton,21.6,10.4
2889,Virginia,Chesapeake,16.1,6.3
2890,Washington,Cowlitz,19.1,7.9
2891,Virginia,Orange,17.9,8.2
2892,Texas,Scurry,18.5,7.1
2893,Utah,San Juan,16.1,8.4
2894,Virginia,Northampton,18.1,10.3
2895,Texas,Tyler,20.9,9.7
2896,Texas,Montague,19.7,9.7
2897,Virginia,Buena Vista,23.1,11.5
2898,Virginia,Bath,20.5,11.9
2899,Virginia,Wise,24.5,11.6
2900,Utah,Garfield,10.9,7.0
2901,Vermont,Chittenden,12.1,5.3
2902,Virginia,Madison,18.8,9.5
2903,Virginia,Henrico,14.3,6.0
2904,Virginia,Danville,21.6,10.7
2905,Texas,Sabine,20.1,12.4
2906,Texas,Llano,16.0,10.4
2907,Virginia,Halifax,20.0,10.5
2908,Virginia,Lee,24.3,13.0
2909,Washington,Clark,12.8,5.8
2910,Utah,Grand,10.9,5.9
2911,Texas,Mitchell,18.7,6.3
2912,Virginia,Falls Church,8.8,3.7
2913,Texas,Wharton,17.5,7.5
2914,Utah,Beaver,11.3,6.0
2915,Texas,Webb,16.7,5.6
2916,Vermont,Bennington,16.0,8.1
2917,Virginia,Franklin City,20.5,9.8
2918,Virginia,Craig,17.2,8.7
2919,Texas,Matagorda,17.6,7.4
2920,Texas,Ochiltree,18.6,6.8
2921,Texas,Madison,19.4,6.8
2922,Texas,Parker,17.4,6.9
2923,Vermont,Caledonia,17.4,8.3
2924,Virginia,Lunenburg,22.3,10.8
2925,Washington,Chelan,14.9,6.3
2926,Virginia,Westmoreland,18.4,9.6
2927,Texas,Rusk,20.0,7.9
2928,Utah,Sanpete,12.4,6.0
2929,Texas,Val Verde,16.4,6.1
2930,Texas,Montgomery,15.0,5.9
2931,Virginia,Clarke,15.8,7.9
2932,Virginia,Hopewell,23.4,9.9
2933,Virginia,Augusta,18.8,8.7
2934,Virginia,Rappahannock,15.0,8.5
2935,Texas,Sherman,16.7,6.6
2936,Texas,Presidio,18.8,10.2
2937,Texas,Mills,17.5,9.7
2938,Vermont,Rutland,17.2,7.9
2939,Utah,Kane,10.2,6.7
2940,Virginia,Surry,19.2,9.8
2941,Virginia,Essex,20.8,10.6
2942,Washington,Columbia,16.1,8.1
2943,Wisconsin,Sheboygan,15.3,5.9
2944,Wyoming,Washakie,16.6,7.8
2945,Wisconsin,Green,16.4,6.4
2946,West Virginia,Barbour,23.6,12.1
2947,West Virginia,Jackson,22.9,11.5
2948,West Virginia,Grant,23.7,12.9
2949,West Virginia,Pleasants,24.4,10.8
2950,Wisconsin,Douglas,17.4,6.7
2951,West Virginia,Hancock,23.1,11.5
2952,West Virginia,Upshur,23.8,12.0
2953,Wisconsin,Taylor,18.9,7.7
2954,Wisconsin,Milwaukee,18.2,5.7
2955,Washington,Mason,17.6,8.1
2956,West Virginia,Preston,23.9,10.9
2957,Wisconsin,Washington,14.2,5.4
2958,Wisconsin,Sawyer,18.4,8.6
2959,West Virginia,Cabell,21.9,10.6
2960,West Virginia,Taylor,24.5,11.5
2961,West Virginia,Boone,26.7,13.7
2962,Wyoming,Big Horn,17.0,8.4
2963,Washington,Spokane,15.7,6.2
2964,Wisconsin,Washburn,16.8,8.0
2965,Wyoming,Uinta,18.8,7.6
2966,West Virginia,Hardy,22.9,11.9
2967,Wisconsin,Lafayette,18.1,7.2
2968,Wisconsin,Vernon,18.2,8.0
2969,Wisconsin,Walworth,15.7,5.8
2970,Wisconsin,Ashland,19.8,8.2
2971,Washington,Stevens,17.3,8.9
2972,Wisconsin,St. Croix,14.6,4.9
2973,Wisconsin,Langlade,18.6,8.4
2974,Wisconsin,Crawford,17.9,7.8
2975,Wisconsin,Dane,12.0,4.1
2976,Wyoming,Teton,11.6,4.5
2977,West Virginia,Brooke,21.6,10.8
2978,Wisconsin,Lincoln,17.4,7.2
2979,Wisconsin,Outagamie,14.9,5.5
2980,Washington,Grant,17.2,6.3
2981,Washington,Lincoln,15.5,8.1
2982,West Virginia,Gilmer,23.1,9.4
2983,Wisconsin,Trempealeau,17.2,6.6
2984,West Virginia,Mason,23.9,12.3
2985,Wisconsin,Grant,16.9,6.6
2986,West Virginia,Wayne,26.8,13.2
2987,Washington,Kittitas,14.4,6.1
2988,West Virginia,Summers,24.0,13.5
2989,West Virginia,Monongalia,19.1,7.2
2990,Wisconsin,Calumet,15.3,5.4
2991,West Virginia,Fayette,26.4,12.8
2992,Washington,San Juan,10.7,6.7
2993,West Virginia,Pendleton,22.8,13.3
2994,Wisconsin,Pepin,17.3,7.4
2995,Wisconsin,Waushara,18.6,8.1
2996,West Virginia,Marion,23.0,10.6
2997,West Virginia,Wood,21.7,11.3
2998,Wisconsin,Vilas,15.9,8.0
2999,Washington,Thurston,13.6,5.5
3000,Wisconsin,Forest,20.2,8.8
3001,West Virginia,Hampshire,24.3,12.3
3002,Wisconsin,Ozaukee,12.2,4.9
3003,Washington,Snohomish,14.0,5.0
3004,Washington,Whatcom,14.6,5.9
3005,West Virginia,Randolph,24.7,12.1
3006,Wisconsin,Richland,17.9,7.9
3007,Wisconsin,Dodge,17.6,6.5
3008,West Virginia,Logan,27.4,14.5
3009,Wyoming,Natrona,19.1,6.9
3010,Wyoming,Albany,13.4,5.0
3011,West Virginia,Raleigh,23.8,12.0
3012,Wisconsin,Chippewa,17.0,6.6
3013,West Virginia,Greenbrier,23.1,12.3
3014,Wisconsin,Fond du Lac,16.3,6.3
3015,Wisconsin,Oconto,18.0,7.3
3016,West Virginia,Braxton,25.3,13.7
3017,Wyoming,Lincoln,16.7,7.5
3018,West Virginia,Roane,25.5,13.6
3019,Wisconsin,Rusk,18.8,8.6
3020,West Virginia,McDowell,31.9,18.2
3021,Wisconsin,Racine,16.7,6.0
3022,Wisconsin,Rock,17.0,6.4
3023,Wisconsin,Menominee,29.2,9.9
3024,Washington,Skamania,16.4,7.6
3025,Wisconsin,Monroe,18.0,6.8
3026,West Virginia,Ohio,19.9,9.3
3027,Wisconsin,Iowa,16.3,6.3
3028,Wyoming,Park,14.2,6.9
3029,West Virginia,Mercer,24.6,12.9
3030,Wisconsin,Marinette,18.7,8.3
3031,West Virginia,Harrison,22.6,10.5
3032,Wisconsin,Adams,18.5,8.8
3033,Wisconsin,La Crosse,15.4,5.4
3034,Wyoming,Converse,18.2,7.4
3035,Washington,Franklin,15.8,5.0
3036,Wisconsin,Burnett,17.0,8.4
3037,Washington,Yakima,16.3,6.4
3038,Wyoming,Crook,16.5,8.1
3039,Washington,Skagit,15.5,6.5
3040,Wisconsin,Marquette,18.2,8.1
3041,West Virginia,Wirt,26.4,13.9
3042,Wyoming,Hot Springs,17.7,9.2
3043,Wisconsin,Florence,17.2,8.0
3044,Washington,Klickitat,15.9,7.9
3045,West Virginia,Putnam,20.0,9.1
3046,Washington,King,10.3,3.9
3047,Wisconsin,Buffalo,17.7,7.2
3048,Wisconsin,Eau Claire,15.6,5.5
3049,West Virginia,Nicholas,24.7,12.7
3050,West Virginia,Lincoln,26.5,13.9
3051,Wisconsin,Juneau,19.8,8.1
3052,West Virginia,Wyoming,28.1,14.2
3053,Wyoming,Sweetwater,17.3,6.0
3054,Wisconsin,Wood,16.4,6.9
3055,Wisconsin,Portage,15.2,5.7
3056,West Virginia,Monroe,23.5,12.9
3057,Wisconsin,Jefferson,16.6,5.8
3058,West Virginia,Morgan,22.3,11.5
3059,Wisconsin,Oneida,15.2,7.2
3060,West Virginia,Wetzel,25.1,13.1
3061,Wyoming,Sublette,16.7,7.0
3062,Wyoming,Weston,18.3,8.3
3063,West Virginia,Lewis,25.7,12.5
3064,Wisconsin,Columbia,17.1,6.1
3065,Washington,Island,13.3,6.2
3066,Wisconsin,Dunn,16.3,5.8
3067,Washington,Wahkiakum,14.9,8.5
3068,Wisconsin,Price,18.3,8.5
3069,Washington,Pend Oreille,16.8,9.0
3070,Wyoming,Campbell,20.2,6.6
3071,Wisconsin,Clark,19.9,8.0
3072,West Virginia,Mingo,28.6,15.3
3073,Washington,Jefferson,12.4,7.7
3074,Washington,Whitman,12.3,4.8
3075,West Virginia,Ritchie,24.6,13.3
3076,Wyoming,Carbon,18.0,7.2
3077,Wisconsin,Polk,17.0,7.0
3078,Wyoming,Goshen,15.9,7.5
3079,West Virginia,Doddridge,24.1,11.3
3080,Wisconsin,Shawano,19.5,7.6
3081,Wyoming,Fremont,18.9,7.9
3082,Washington,Lewis,17.8,8.0
3083,Wisconsin,Green Lake,17.6,7.7
3084,West Virginia,Tyler,23.5,12.3
3085,Washington,Garfield,14.5,7.4
3086,West Virginia,Mineral,21.4,10.5
3087,Wisconsin,Door,13.8,6.7
3088,West Virginia,Clay,28.3,14.9
3089,Wisconsin,Kewaunee,16.9,6.5
3090,Wyoming,Sheridan,15.8,6.9
3091,West Virginia,Kanawha,22.8,10.6
3092,Wisconsin,Waupaca,16.7,7.1
3093,Wisconsin,Iron,16.9,8.8
3094,Wisconsin,Manitowoc,17.4,6.9
3095,West Virginia,Tucker,21.3,11.4
3096,Washington,Grays Harbor,18.1,8.2
3097,West Virginia,Marshall,22.0,11.3
3098,Wisconsin,Pierce,15.3,5.3
3099,Wyoming,Niobrara,21.5,10.2
3100,Wisconsin,Barron,16.8,7.6
3101,Washington,Kitsap,14.2,5.7
3102,West Virginia,Pocahontas,24.5,13.3
3103,Washington,Walla Walla,13.6,5.9
3104,Washington,Pacific,16.1,9.3
3105,Wisconsin,Bayfield,15.9,7.5
3106,Wisconsin,Jackson,20.0,7.5
3107,Washington,Okanogan,18.9,8.7
3108,Wyoming,Johnson,15.5,7.7
3109,Wyoming,Laramie,16.3,6.5
3110,Washington,Pierce,16.7,5.7
3111,West Virginia,Calhoun,26.5,14.8
3112,West Virginia,Berkeley,22.4,9.0
3113,Wisconsin,Kenosha,17.2,5.6
3114,Wisconsin,Marathon,16.8,6.2
3115,West Virginia,Jefferson,19.2,8.1
3116,Wyoming,Platte,18.2,8.5
3117,Wisconsin,Sauk,16.8,6.5
3118,Wisconsin,Brown,15.1,5.5
3119,West Virginia,Webster,26.8,15.3
3120,Wisconsin,Winnebago,17.1,5.8
3121,Wisconsin,Waukesha,12.6,4.7
